{"type": "FeatureCollection", "features": [{"type": "Feature", "properties": {"district_name": "Anugul", "dtcode11": "384"}, "geometry": {"type": "MultiPolygon", "coordinates": [[[[84.8777, 21.1784], [84.8757, 21.1706], [84.8724, 21.1739], [84.8777, 21.1784]]], [[[85.2092, 21.6754], [85.253, 21.675], [85.267, 21.6227], [85.2918, 21.6004], [85.2831, 21.5965], [85.2864, 21.5841], [85.3027, 21.567], [85.3126, 21.5683], [85.3, 21.5539], [85.3014, 21.5311], [85.3216, 21.5343], [85.3321, 21.4822], [85.3214, 21.4652], [85.3069, 21.462], [85.3036, 21.448], [85.2625, 21.4571], [85.2552, 21.451], [85.2728, 21.4278], [85.3014, 21.4178], [85.3049, 21.3964], [85.3263, 21.3907], [85.3425, 21.3662], [85.3226, 21.3187], [85.3152, 21.3302], [85.2825, 21.2993], [85.2723, 21.303], [85.2704, 21.274], [85.287, 21.264], [85.2951, 21.2766], [85.3565, 21.2477], [85.3746, 21.2291], [85.3799, 21.1993], [85.3933, 21.1836], [85.3812, 21.1679], [85.3466, 21.1686], [85.3341, 21.1784], [85.3171, 21.1581], [85.2911, 21.1804], [85.2727, 21.1747], [85.2301, 21.0724], [85.1867, 21.0827], [85.1672, 21.0642], [85.1713, 21.0452], [85.236, 21.0114], [85.2607, 20.9815], [85.2409, 20.9621], [85.2457, 20.9366], [85.2387, 20.9121], [85.2426, 20.8993], [85.2616, 20.8913], [85.2468, 20.884], [85.2575, 20.8756], [85.2547, 20.7954], [85.1958, 20.7869], [85.2066, 20.7695], [85.2046, 20.7582], [85.2159, 20.7502], [85.2039, 20.7334], [85.2052, 20.7194], [85.1887, 20.7011], [85.1979, 20.6867], [85.194, 20.6788], [85.1673, 20.6645], [85.1655, 20.6848], [85.1757, 20.7007], [85.1598, 20.7079], [85.1532, 20.7331], [85.1398, 20.7313], [85.1131, 20.6831], [85.1346, 20.6429], [85.1223, 20.6129], [85.0911, 20.6188], [85.074, 20.5812], [85.0552, 20.5777], [85.0276, 20.5898], [84.987, 20.5804], [84.9799, 20.5652], [84.975, 20.5734], [84.9437, 20.5818], [84.8984, 20.5823], [84.865, 20.5384], [84.8485, 20.528], [84.821, 20.5609], [84.7618, 20.6081], [84.6367, 20.6247], [84.5621, 20.689], [84.5156, 20.7024], [84.4628, 20.7352], [84.4171, 20.7384], [84.36, 20.7662], [84.3487, 20.7833], [84.3556, 20.793], [84.3518, 20.8293], [84.2663, 20.8812], [84.2617, 20.8992], [84.2687, 20.9138], [84.2975, 20.9344], [84.3105, 20.9315], [84.3282, 20.9514], [84.352, 20.9518], [84.3598, 20.9589], [84.3681, 20.9517], [84.3795, 20.9656], [84.4055, 20.9766], [84.4119, 21.0008], [84.4339, 21.0163], [84.4087, 21.0304], [84.4298, 21.0402], [84.4387, 21.0329], [84.4541, 21.0576], [84.4818, 21.0809], [84.5323, 21.0872], [84.5507, 21.0693], [84.5837, 21.061], [84.6119, 21.0699], [84.6243, 21.0825], [84.6443, 21.0833], [84.6797, 21.0602], [84.6805, 21.0723], [84.6689, 21.0795], [84.667, 21.0929], [84.6803, 21.1469], [84.6908, 21.1528], [84.7227, 21.1483], [84.7318, 21.1695], [84.7433, 21.1707], [84.7894, 21.1315], [84.8115, 21.1402], [84.7986, 21.1656], [84.8175, 21.1713], [84.8772, 21.1645], [84.8852, 21.153], [84.9188, 21.1408], [84.932, 21.1538], [84.9273, 21.1807], [84.9503, 21.1704], [84.9486, 21.1482], [84.9621, 21.1474], [84.9694, 21.1616], [84.962, 21.1778], [84.97, 21.1888], [84.9395, 21.196], [84.9261, 21.2336], [84.8975, 21.261], [84.957, 21.2978], [84.9887, 21.2876], [85.0026, 21.287], [85.011, 21.2973], [85.0339, 21.2922], [85.0082, 21.3244], [85.0077, 21.3792], [84.9919, 21.4124], [84.9975, 21.4357], [85.0264, 21.448], [85.021, 21.4583], [85.0607, 21.442], [85.0646, 21.4537], [85.0785, 21.4587], [85.1172, 21.4547], [85.1584, 21.4634], [85.1801, 21.5008], [85.203, 21.5216], [85.2129, 21.5551], [85.1907, 21.5883], [85.1439, 21.5954], [85.166, 21.6228], [85.1769, 21.6201], [85.1885, 21.6294], [85.1943, 21.6409], [85.1807, 21.6445], [85.181, 21.655], [85.2019, 21.661], [85.2092, 21.6754]]]]}}, {"type": "Feature", "properties": {"district_name": "Balangir", "dtcode11": "393"}, "geometry": {"type": "Polygon", "coordinates": [[[83.3553, 21.0691], [83.3778, 21.0616], [83.3912, 21.0711], [83.4034, 21.0622], [83.4098, 21.0398], [83.4236, 21.0313], [83.4555, 21.0531], [83.4463, 21.0162], [83.4667, 20.9963], [83.4903, 20.9953], [83.5049, 20.981], [83.5296, 20.9847], [83.5729, 20.9742], [83.615, 20.9839], [83.6391, 20.9813], [83.6091, 20.9305], [83.6196, 20.903], [83.5765, 20.8731], [83.5697, 20.8454], [83.6252, 20.8272], [83.6209, 20.8159], [83.5937, 20.8208], [83.5932, 20.7995], [83.6345, 20.7967], [83.6353, 20.7711], [83.6559, 20.7704], [83.6534, 20.7458], [83.677, 20.7413], [83.6646, 20.705], [83.6367, 20.6799], [83.6415, 20.6714], [83.6281, 20.6611], [83.6211, 20.6326], [83.5949, 20.6064], [83.596, 20.5793], [83.605, 20.5704], [83.5971, 20.5638], [83.5945, 20.5396], [83.6026, 20.5304], [83.5796, 20.5214], [83.5695, 20.4843], [83.5827, 20.4882], [83.5974, 20.4686], [83.6176, 20.4583], [83.6185, 20.4468], [83.666, 20.4229], [83.6476, 20.3805], [83.6525, 20.3669], [83.6273, 20.3676], [83.619, 20.3506], [83.5765, 20.363], [83.57, 20.3874], [83.5548, 20.3997], [83.537, 20.3987], [83.4997, 20.4161], [83.4899, 20.4051], [83.4891, 20.4272], [83.4975, 20.4344], [83.4858, 20.4542], [83.4222, 20.4031], [83.4097, 20.37], [83.3882, 20.3477], [83.3641, 20.3433], [83.3609, 20.3171], [83.3001, 20.3052], [83.2849, 20.2799], [83.2371, 20.2562], [83.2392, 20.2296], [83.2251, 20.2045], [83.2045, 20.1955], [83.1889, 20.1759], [83.1448, 20.1694], [83.1276, 20.1944], [83.1021, 20.192], [83.0911, 20.2003], [83.0861, 20.1921], [83.0608, 20.186], [83.0344, 20.1867], [83.0158, 20.1717], [82.9757, 20.1806], [82.9437, 20.1739], [82.9262, 20.1802], [82.911, 20.1678], [82.9096, 20.1474], [82.8839, 20.1582], [82.8149, 20.1682], [82.8096, 20.1747], [82.8166, 20.1891], [82.847, 20.1958], [82.8609, 20.2314], [82.8509, 20.243], [82.8599, 20.2699], [82.8453, 20.2904], [82.8286, 20.2799], [82.8104, 20.2956], [82.8191, 20.3072], [82.8159, 20.3176], [82.8339, 20.3217], [82.8333, 20.3069], [82.8415, 20.3026], [82.8357, 20.2961], [82.8459, 20.2911], [82.8523, 20.3377], [82.8345, 20.3361], [82.8141, 20.3585], [82.8066, 20.3404], [82.8115, 20.3272], [82.7884, 20.3242], [82.7902, 20.3471], [82.8126, 20.363], [82.815, 20.381], [82.8035, 20.3854], [82.7716, 20.3542], [82.7482, 20.3622], [82.7258, 20.3553], [82.7129, 20.3599], [82.7299, 20.3832], [82.6965, 20.4258], [82.6997, 20.4426], [82.6833, 20.4614], [82.7052, 20.5043], [82.7102, 20.5705], [82.7285, 20.5852], [82.742, 20.6309], [82.7271, 20.6394], [82.7311, 20.6542], [82.7189, 20.6782], [82.6935, 20.684], [82.6999, 20.7297], [82.7343, 20.7232], [82.7454, 20.7704], [82.7534, 20.7708], [82.7708, 20.8023], [82.888, 20.9091], [82.9167, 20.9009], [82.9255, 20.8945], [82.9256, 20.8829], [82.9421, 20.8841], [82.953, 20.896], [82.9669, 20.8931], [82.9643, 20.879], [82.9728, 20.8846], [82.9812, 20.8663], [82.9804, 20.8457], [83.0025, 20.8488], [83.0144, 20.8617], [83.0314, 20.8542], [83.0867, 20.8577], [83.1024, 20.8747], [83.1293, 20.8589], [83.1445, 20.8809], [83.1915, 20.8961], [83.2177, 20.9214], [83.2165, 20.9304], [83.2503, 20.9177], [83.2513, 20.8984], [83.276, 20.8694], [83.2793, 20.8419], [83.2847, 20.8533], [83.3171, 20.8612], [83.3289, 20.881], [83.3493, 20.8745], [83.4036, 20.8903], [83.414, 20.8966], [83.4145, 20.9084], [83.3799, 20.9401], [83.385, 20.9526], [83.3796, 20.9551], [83.3905, 20.9644], [83.3841, 20.9725], [83.3865, 20.989], [83.3609, 21.0034], [83.3333, 20.9805], [83.3267, 20.9949], [83.2957, 21.0136], [83.3217, 21.0562], [83.341, 21.0575], [83.3553, 21.0691]]]}}, {"type": "Feature", "properties": {"district_name": "Baleshwar", "dtcode11": "377"}, "geometry": {"type": "MultiPolygon", "coordinates": [[[[87.4301, 21.5862], [87.4166, 21.57], [87.4137, 21.5602], [87.419, 21.5787], [87.4301, 21.5862]]], [[[87.1723, 21.9785], [87.1972, 21.9594], [87.2106, 21.9644], [87.2315, 21.9573], [87.2495, 21.936], [87.2492, 21.9151], [87.2344, 21.9006], [87.2521, 21.8777], [87.249, 21.8532], [87.2598, 21.8488], [87.2709, 21.8271], [87.2639, 21.8186], [87.2752, 21.817], [87.2774, 21.805], [87.297, 21.8116], [87.2984, 21.8012], [87.3109, 21.7938], [87.3216, 21.7977], [87.3195, 21.7907], [87.3358, 21.7936], [87.3386, 21.7848], [87.3555, 21.7922], [87.3718, 21.7788], [87.3697, 21.7654], [87.3851, 21.7768], [87.3976, 21.7666], [87.4456, 21.7682], [87.4454, 21.7438], [87.4543, 21.7391], [87.4448, 21.734], [87.4692, 21.7325], [87.4636, 21.7248], [87.4737, 21.7142], [87.4605, 21.6509], [87.4726, 21.6525], [87.486, 21.6323], [87.4848, 21.6125], [87.4076, 21.5887], [87.3619, 21.5578], [87.25, 21.5568], [87.1995, 21.5466], [87.1309, 21.5127], [87.1185, 21.5171], [87.0743, 21.4714], [87.0563, 21.469], [86.9793, 21.4098], [86.9099, 21.3283], [86.8925, 21.3184], [86.8324, 21.2081], [86.8167, 21.2169], [86.8248, 21.221], [86.8025, 21.2308], [86.7855, 21.22], [86.7704, 21.226], [86.7705, 21.2137], [86.7576, 21.1967], [86.7704, 21.1722], [86.7021, 21.1838], [86.6907, 21.167], [86.6729, 21.17], [86.6624, 21.1515], [86.6674, 21.1448], [86.6547, 21.1285], [86.6606, 21.1243], [86.6527, 21.1013], [86.665, 21.0946], [86.6618, 21.0841], [86.6491, 21.0876], [86.6422, 21.0806], [86.6461, 21.0625], [86.6254, 21.0723], [86.6309, 21.0862], [86.6306, 21.093], [86.588, 21.1], [86.5901, 21.1091], [86.5609, 21.1447], [86.5593, 21.1592], [86.5297, 21.1593], [86.5112, 21.1365], [86.4549, 21.1628], [86.4499, 21.1543], [86.4283, 21.1624], [86.4391, 21.1689], [86.4402, 21.1799], [86.4259, 21.1808], [86.446, 21.1955], [86.4434, 21.2021], [86.433, 21.2203], [86.4216, 21.2226], [86.4187, 21.2035], [86.4062, 21.2201], [86.3744, 21.2242], [86.3643, 21.2375], [86.3722, 21.2586], [86.3597, 21.2661], [86.3529, 21.2842], [86.358, 21.2993], [86.4046, 21.3202], [86.4341, 21.3412], [86.4357, 21.353], [86.4889, 21.3839], [86.5319, 21.426], [86.5825, 21.5227], [86.6114, 21.5184], [86.6259, 21.5339], [86.6378, 21.5337], [86.6493, 21.5796], [86.6641, 21.5777], [86.6829, 21.5967], [86.6935, 21.5846], [86.7401, 21.6056], [86.7948, 21.5972], [86.7991, 21.6076], [86.8304, 21.6089], [86.8446, 21.5992], [86.8544, 21.6037], [86.864, 21.5902], [86.8791, 21.6131], [86.886, 21.6125], [86.8733, 21.6224], [86.8749, 21.6384], [86.8888, 21.6138], [86.8997, 21.6125], [86.9067, 21.5996], [86.902, 21.5987], [86.9022, 21.593], [86.9121, 21.5923], [86.9101, 21.5809], [86.9203, 21.5914], [86.9562, 21.5731], [86.9554, 21.5962], [86.9627, 21.5935], [86.9583, 21.5847], [86.9603, 21.5807], [86.9633, 21.5882], [86.9744, 21.5849], [87.0064, 21.5987], [86.9869, 21.6288], [86.9928, 21.6361], [86.9976, 21.6227], [87.005, 21.6273], [87.0118, 21.6488], [86.9888, 21.6534], [86.9889, 21.6717], [87.0111, 21.6775], [87.0252, 21.6727], [87.0237, 21.663], [87.0305, 21.661], [87.0319, 21.6731], [87.0526, 21.6847], [87.0365, 21.6973], [87.0374, 21.7221], [87.0308, 21.7221], [87.0258, 21.743], [87.0461, 21.7407], [87.0447, 21.7161], [87.069, 21.707], [87.0813, 21.721], [87.0876, 21.7157], [87.0937, 21.7321], [87.0834, 21.7384], [87.096, 21.733], [87.095, 21.7475], [87.1221, 21.7537], [87.1022, 21.7717], [87.1038, 21.784], [87.117, 21.7893], [87.1124, 21.7856], [87.1217, 21.7832], [87.1219, 21.772], [87.1299, 21.7789], [87.1587, 21.7712], [87.1618, 21.789], [87.1711, 21.789], [87.1734, 21.8126], [87.1835, 21.7927], [87.1764, 21.8135], [87.102, 21.8603], [87.0988, 21.8907], [87.0906, 21.9011], [87.1069, 21.9223], [87.1415, 21.924], [87.1614, 21.9349], [87.162, 21.9676], [87.1723, 21.9785]]]]}}, {"type": "Feature", "properties": {"district_name": "Bargarh", "dtcode11": "370"}, "geometry": {"type": "Polygon", "coordinates": [[[83.5631, 21.7444], [83.6483, 21.7233], [83.6953, 21.6995], [83.7298, 21.6261], [83.799, 21.5639], [83.8151, 21.5364], [83.8452, 21.5274], [83.8692, 21.4783], [83.885, 21.4381], [83.8788, 21.4257], [83.8482, 21.4206], [83.8458, 21.4141], [83.8512, 21.4031], [83.8791, 21.3881], [83.8804, 21.3506], [83.8697, 21.3105], [83.8758, 21.2936], [83.8902, 21.2948], [83.8885, 21.282], [83.9071, 21.2576], [83.9127, 21.2337], [83.8957, 21.1864], [83.8712, 21.1564], [83.8463, 21.0994], [83.8396, 21.0937], [83.7996, 21.1138], [83.7856, 21.1333], [83.7841, 21.1516], [83.7681, 21.155], [83.7619, 21.1429], [83.7141, 21.1195], [83.6853, 21.1162], [83.678, 21.1253], [83.6483, 21.1307], [83.6043, 21.1284], [83.5948, 21.1079], [83.5482, 21.0769], [83.5125, 21.0618], [83.4919, 21.0621], [83.4939, 21.0407], [83.4615, 21.0618], [83.4236, 21.0313], [83.4098, 21.0398], [83.4034, 21.0622], [83.3912, 21.0711], [83.3769, 21.0616], [83.352, 21.0712], [83.341, 21.0575], [83.3217, 21.0562], [83.2957, 21.0136], [83.3267, 20.9949], [83.3333, 20.9805], [83.3609, 21.0034], [83.3865, 20.989], [83.3841, 20.9725], [83.3905, 20.9644], [83.3796, 20.9551], [83.385, 20.9526], [83.3799, 20.9401], [83.4145, 20.9084], [83.414, 20.8966], [83.4036, 20.8903], [83.3493, 20.8745], [83.3289, 20.881], [83.3171, 20.8612], [83.2847, 20.8533], [83.2793, 20.8419], [83.276, 20.8694], [83.2513, 20.8984], [83.2503, 20.9177], [83.2165, 20.9304], [83.2177, 20.9214], [83.1915, 20.8961], [83.1445, 20.8809], [83.1293, 20.8589], [83.1024, 20.8747], [83.0867, 20.8577], [83.0314, 20.8542], [83.0144, 20.8617], [83.0025, 20.8488], [82.9804, 20.8457], [82.9812, 20.8663], [82.9728, 20.8846], [82.9643, 20.879], [82.9669, 20.8931], [82.953, 20.896], [82.9421, 20.8841], [82.9256, 20.8829], [82.9255, 20.8945], [82.9167, 20.9009], [82.888, 20.9091], [82.7708, 20.8023], [82.7534, 20.7708], [82.7454, 20.7704], [82.7335, 20.7225], [82.6854, 20.733], [82.6977, 20.7614], [82.6831, 20.8138], [82.6809, 20.8854], [82.6925, 20.9], [82.6986, 20.9376], [82.6872, 20.9733], [82.6924, 21.0217], [82.6797, 21.0345], [82.6692, 21.0651], [82.6356, 21.0906], [82.6499, 21.1065], [82.6404, 21.1178], [82.6528, 21.1287], [82.6373, 21.1447], [82.6406, 21.1549], [82.6926, 21.1657], [82.6998, 21.1577], [82.7212, 21.1577], [82.7212, 21.1658], [82.7559, 21.1664], [82.7937, 21.1425], [82.8005, 21.156], [82.8511, 21.1686], [82.8525, 21.1595], [82.8718, 21.1575], [82.8764, 21.1635], [82.8822, 21.1484], [82.9016, 21.1669], [82.9317, 21.163], [82.9372, 21.1699], [82.94, 21.1609], [82.9477, 21.1618], [82.9438, 21.1779], [82.9649, 21.1933], [82.9656, 21.1753], [82.9881, 21.1828], [82.9806, 21.17], [83.0038, 21.1669], [82.9858, 21.151], [82.9904, 21.1398], [83.0046, 21.137], [83.016, 21.1463], [83.0453, 21.124], [83.078, 21.112], [83.1315, 21.1058], [83.1669, 21.1388], [83.192, 21.139], [83.2146, 21.1948], [83.2105, 21.205], [83.2221, 21.2287], [83.2176, 21.2548], [83.223, 21.2658], [83.2506, 21.2824], [83.2708, 21.2725], [83.2786, 21.2893], [83.2763, 21.3023], [83.2621, 21.3078], [83.2573, 21.3205], [83.2665, 21.3307], [83.2578, 21.3356], [83.2747, 21.3638], [83.2687, 21.3786], [83.2836, 21.3805], [83.379, 21.3445], [83.4069, 21.3516], [83.4084, 21.3608], [83.3969, 21.3672], [83.3989, 21.4053], [83.3759, 21.4281], [83.3736, 21.4424], [83.3544, 21.4481], [83.3471, 21.489], [83.3378, 21.5013], [83.3732, 21.5582], [83.365, 21.5758], [83.3695, 21.6002], [83.3827, 21.6201], [83.389, 21.6174], [83.3922, 21.6271], [83.4426, 21.6554], [83.4508, 21.6507], [83.444, 21.624], [83.466, 21.6092], [83.4736, 21.6325], [83.4888, 21.6303], [83.4884, 21.6463], [83.5276, 21.6772], [83.5511, 21.7384], [83.5631, 21.7444]]]}}, {"type": "Feature", "properties": {"district_name": "Bhadrak", "dtcode11": "378"}, "geometry": {"type": "MultiPolygon", "coordinates": [[[[87.0563, 20.7329], [87.0537, 20.7296], [87.0533, 20.7304], [87.0563, 20.7329]]], [[[87.0507, 20.7379], [87.0525, 20.7376], [87.0531, 20.7371], [87.0507, 20.7379]]], [[[87.0779, 20.7439], [87.0735, 20.7275], [87.0696, 20.7335], [87.0779, 20.7439]]], [[[87.0494, 20.744], [87.0582, 20.7452], [87.0593, 20.7445], [87.0596, 20.7439], [87.0494, 20.744]]], [[[87.0981, 20.7482], [87.0973, 20.7475], [87.0968, 20.7482], [87.0981, 20.7482]]], [[[87.0703, 20.7384], [87.0688, 20.7376], [87.0723, 20.749], [87.0703, 20.7384]]], [[[87.102, 20.7507], [87.0994, 20.75], [87.1017, 20.7515], [87.102, 20.7507]]], [[[87.0824, 20.7639], [87.0975, 20.7549], [87.0731, 20.7535], [87.0824, 20.7639]]], [[[87.0688, 20.7935], [87.0748, 20.789], [87.076, 20.772], [87.0748, 20.7674], [87.0688, 20.7935]]], [[[86.9878, 20.804], [86.9866, 20.802], [86.986, 20.8026], [86.9878, 20.804]]], [[[86.3519, 21.2372], [86.3754, 21.2235], [86.407, 21.2197], [86.4187, 21.2035], [86.4216, 21.2226], [86.433, 21.2203], [86.446, 21.1955], [86.4259, 21.1808], [86.4402, 21.1799], [86.4391, 21.1689], [86.4283, 21.1624], [86.4477, 21.1543], [86.4549, 21.1628], [86.5112, 21.1365], [86.5297, 21.1593], [86.5593, 21.1592], [86.5609, 21.1447], [86.5901, 21.1091], [86.588, 21.1], [86.6306, 21.093], [86.6248, 21.0735], [86.6427, 21.0625], [86.6489, 21.0722], [86.6422, 21.0806], [86.6491, 21.0876], [86.6618, 21.0841], [86.665, 21.0946], [86.6527, 21.1013], [86.6606, 21.1243], [86.6547, 21.1285], [86.6674, 21.1448], [86.6624, 21.1515], [86.6729, 21.17], [86.6907, 21.167], [86.7021, 21.1838], [86.7704, 21.1722], [86.7576, 21.1963], [86.7704, 21.226], [86.7855, 21.22], [86.8025, 21.2308], [86.8248, 21.221], [86.8167, 21.2169], [86.8323, 21.2062], [86.8548, 21.2105], [86.8415, 21.1751], [86.8479, 21.0955], [86.9393, 20.9208], [86.9809, 20.857], [86.9663, 20.7889], [86.9502, 20.7764], [86.8736, 20.7876], [86.8331, 20.7627], [86.8216, 20.7457], [86.8016, 20.7568], [86.7925, 20.7318], [86.7787, 20.7414], [86.7627, 20.7336], [86.7527, 20.7421], [86.7604, 20.76], [86.7551, 20.7694], [86.7314, 20.77], [86.7105, 20.7597], [86.7064, 20.7767], [86.6775, 20.79], [86.6605, 20.7872], [86.6567, 20.7968], [86.6428, 20.7884], [86.6371, 20.798], [86.6325, 20.7919], [86.6275, 20.7986], [86.6144, 20.795], [86.6143, 20.8044], [86.6233, 20.8084], [86.609, 20.8302], [86.601, 20.8299], [86.5936, 20.8575], [86.5642, 20.8645], [86.5436, 20.8604], [86.5121, 20.8705], [86.4822, 20.8555], [86.4681, 20.8606], [86.4506, 20.8435], [86.4261, 20.8469], [86.4216, 20.8557], [86.3905, 20.865], [86.3553, 20.8508], [86.3284, 20.862], [86.3345, 20.8777], [86.3201, 20.8769], [86.3102, 20.8957], [86.2829, 20.9015], [86.2771, 20.9174], [86.289, 20.9612], [86.2843, 20.9843], [86.2897, 21.0098], [86.2816, 21.0224], [86.304, 21.0199], [86.3133, 21.0601], [86.321, 21.0549], [86.3246, 21.0602], [86.3178, 21.0813], [86.305, 21.088], [86.3084, 21.113], [86.2885, 21.119], [86.2835, 21.1367], [86.2706, 21.1406], [86.2917, 21.1755], [86.3112, 21.169], [86.3205, 21.1811], [86.3385, 21.1793], [86.3533, 21.2111], [86.3519, 21.2372]]]]}}, {"type": "Feature", "properties": {"district_name": "Cuttack", "dtcode11": "381"}, "geometry": {"type": "Polygon", "coordinates": [[[85.9097, 20.701], [85.9579, 20.6849], [85.9656, 20.6665], [85.9852, 20.6606], [85.9897, 20.6477], [86.0037, 20.6417], [86.0053, 20.6261], [86.0431, 20.6003], [86.042, 20.5918], [86.0719, 20.6], [86.0776, 20.5946], [86.0869, 20.6171], [86.1171, 20.6138], [86.1448, 20.6423], [86.1611, 20.6496], [86.174, 20.6446], [86.175, 20.653], [86.1875, 20.6581], [86.1889, 20.6392], [86.1642, 20.638], [86.1852, 20.6322], [86.1836, 20.626], [86.2015, 20.6323], [86.2086, 20.6159], [86.2507, 20.6054], [86.2665, 20.5842], [86.28, 20.5813], [86.2726, 20.5643], [86.2572, 20.5621], [86.2705, 20.559], [86.2479, 20.5373], [86.2508, 20.5284], [86.2561, 20.5328], [86.2753, 20.5208], [86.2682, 20.5074], [86.2774, 20.4964], [86.2624, 20.4855], [86.2741, 20.4546], [86.2646, 20.451], [86.2752, 20.4465], [86.2666, 20.438], [86.2683, 20.4253], [86.2774, 20.4224], [86.266, 20.3963], [86.2739, 20.4], [86.2754, 20.3946], [86.2572, 20.3752], [86.2506, 20.3811], [86.2479, 20.365], [86.1988, 20.363], [86.1901, 20.3754], [86.1645, 20.379], [86.1374, 20.357], [86.1074, 20.3654], [86.1136, 20.3691], [86.104, 20.374], [86.0893, 20.3618], [86.0656, 20.3839], [86.0452, 20.3959], [86.0313, 20.3938], [86.0259, 20.4024], [86.0109, 20.3781], [86.0406, 20.2829], [86.0667, 20.2663], [86.0777, 20.2444], [86.1508, 20.2137], [86.1388, 20.1954], [86.168, 20.168], [86.1465, 20.1726], [86.1418, 20.1442], [86.1558, 20.1353], [86.1552, 20.1216], [86.1643, 20.1142], [86.1541, 20.0911], [86.1831, 20.0568], [86.1685, 20.0409], [86.1231, 20.0392], [86.1166, 20.0474], [86.1272, 20.0573], [86.1102, 20.0666], [86.0869, 20.0583], [86.0754, 20.0776], [86.0884, 20.0861], [86.0855, 20.1007], [86.0652, 20.1236], [86.0317, 20.1408], [86.0445, 20.1408], [86.0533, 20.1639], [86.0375, 20.1792], [86.0217, 20.1674], [86.0277, 20.1822], [86.0173, 20.1861], [86.0039, 20.225], [85.99, 20.2258], [85.952, 20.2612], [85.9501, 20.2711], [85.931, 20.2707], [85.9383, 20.2828], [85.9228, 20.2936], [85.9101, 20.3192], [85.9155, 20.3277], [85.9269, 20.3129], [85.9267, 20.3295], [85.9137, 20.3481], [85.9003, 20.3528], [85.8976, 20.372], [85.8916, 20.3602], [85.8788, 20.3573], [85.8734, 20.3672], [85.8783, 20.3787], [85.8659, 20.4001], [85.8603, 20.3957], [85.8418, 20.4107], [85.8236, 20.4084], [85.8164, 20.4308], [85.8007, 20.4357], [85.7927, 20.4279], [85.7852, 20.4338], [85.7795, 20.4235], [85.7852, 20.4117], [85.7713, 20.404], [85.7675, 20.4159], [85.7593, 20.4073], [85.7339, 20.4105], [85.7163, 20.4041], [85.6772, 20.3245], [85.6646, 20.3317], [85.643, 20.3257], [85.6235, 20.2925], [85.5644, 20.2997], [85.5506, 20.313], [85.5485, 20.3019], [85.5245, 20.3057], [85.5214, 20.2932], [85.5107, 20.2911], [85.4593, 20.2973], [85.4511, 20.2644], [85.4195, 20.2736], [85.3984, 20.2577], [85.3953, 20.2779], [85.3818, 20.2869], [85.3732, 20.2755], [85.3547, 20.2725], [85.3343, 20.2726], [85.3313, 20.279], [85.3545, 20.302], [85.3504, 20.3351], [85.3727, 20.3519], [85.3667, 20.3672], [85.3341, 20.3582], [85.2716, 20.3596], [85.1967, 20.3809], [85.1584, 20.3785], [85.1135, 20.4079], [85.0496, 20.4293], [84.9492, 20.4886], [84.8818, 20.4989], [84.8485, 20.528], [84.865, 20.5384], [84.8969, 20.5818], [84.9437, 20.5818], [84.975, 20.5734], [84.9799, 20.5652], [84.987, 20.5804], [85.0276, 20.5898], [85.0652, 20.5783], [85.0856, 20.5954], [85.0918, 20.6189], [85.1171, 20.6103], [85.1263, 20.6163], [85.155, 20.6116], [85.1787, 20.6009], [85.2079, 20.5761], [85.1969, 20.5672], [85.2114, 20.5483], [85.2513, 20.5186], [85.2826, 20.5123], [85.2939, 20.5169], [85.3173, 20.5029], [85.3501, 20.4973], [85.3828, 20.5], [85.3998, 20.4874], [85.4081, 20.488], [85.4056, 20.509], [85.4148, 20.5091], [85.4446, 20.4976], [85.4569, 20.4845], [85.4806, 20.5069], [85.4832, 20.5221], [85.4975, 20.524], [85.5036, 20.5365], [85.5852, 20.5137], [85.5994, 20.5382], [85.6559, 20.5502], [85.6898, 20.5966], [85.709, 20.6055], [85.7133, 20.6148], [85.7054, 20.6263], [85.7122, 20.6242], [85.727, 20.6457], [85.7544, 20.6361], [85.7521, 20.6456], [85.7607, 20.6444], [85.7624, 20.6616], [85.7813, 20.6629], [85.7876, 20.6732], [85.8102, 20.6603], [85.8497, 20.6685], [85.8883, 20.6586], [85.9099, 20.6894], [85.9097, 20.701]]]}}, {"type": "Feature", "properties": {"district_name": "Deogarh", "dtcode11": "373"}, "geometry": {"type": "Polygon", "coordinates": [[[84.6551, 21.7641], [84.6785, 21.7492], [84.675, 21.7365], [84.6913, 21.7097], [84.7031, 21.7074], [84.718, 21.7171], [84.7298, 21.6934], [84.7468, 21.6825], [84.741, 21.6698], [84.7492, 21.6636], [84.7571, 21.6246], [84.7789, 21.6257], [84.7934, 21.6367], [84.7818, 21.6493], [84.7899, 21.6686], [84.8553, 21.6605], [84.8628, 21.6521], [84.9009, 21.6588], [84.9034, 21.6683], [84.9144, 21.6705], [84.9413, 21.6594], [84.9536, 21.6651], [84.9564, 21.6844], [84.9753, 21.6728], [84.9825, 21.6818], [84.9979, 21.682], [85.0261, 21.6725], [85.0294, 21.6278], [85.0394, 21.6183], [85.038, 21.6008], [85.0493, 21.5905], [85.0651, 21.5918], [85.0773, 21.6038], [85.1052, 21.5944], [85.1309, 21.5996], [85.1847, 21.5904], [85.2119, 21.5581], [85.203, 21.5216], [85.1801, 21.5008], [85.1566, 21.4618], [85.1364, 21.4634], [85.1172, 21.4547], [85.0785, 21.4587], [85.0646, 21.4537], [85.0607, 21.442], [85.021, 21.4583], [85.0264, 21.448], [84.9996, 21.4393], [84.9919, 21.4124], [85.0077, 21.3792], [85.0082, 21.3244], [85.0339, 21.2922], [85.011, 21.2973], [85.0026, 21.287], [84.9887, 21.2876], [84.957, 21.2978], [84.8975, 21.261], [84.9261, 21.2336], [84.9395, 21.196], [84.97, 21.1888], [84.962, 21.1778], [84.9694, 21.1616], [84.9621, 21.1474], [84.9486, 21.1482], [84.9503, 21.1704], [84.9273, 21.1807], [84.932, 21.1538], [84.9188, 21.1408], [84.8852, 21.153], [84.8772, 21.1645], [84.8175, 21.1713], [84.7986, 21.1656], [84.8115, 21.1402], [84.7894, 21.1315], [84.7887, 21.1385], [84.7481, 21.1615], [84.7387, 21.1757], [84.746, 21.1789], [84.7391, 21.1952], [84.7216, 21.1994], [84.7158, 21.2094], [84.7215, 21.2282], [84.7443, 21.2344], [84.7541, 21.2274], [84.7684, 21.2538], [84.7516, 21.2588], [84.7591, 21.2783], [84.7094, 21.3195], [84.6855, 21.3222], [84.6582, 21.3137], [84.6664, 21.3038], [84.6483, 21.3021], [84.6428, 21.2914], [84.6329, 21.2901], [84.6286, 21.276], [84.6125, 21.2769], [84.6031, 21.2622], [84.5645, 21.25], [84.5657, 21.3232], [84.5414, 21.378], [84.5177, 21.3818], [84.5124, 21.3732], [84.4986, 21.3753], [84.5005, 21.3646], [84.4858, 21.3702], [84.4891, 21.3916], [84.4489, 21.3939], [84.4016, 21.3803], [84.3947, 21.3923], [84.3928, 21.4356], [84.409, 21.4424], [84.4147, 21.4552], [84.4079, 21.4768], [84.4442, 21.4909], [84.442, 21.5182], [84.4581, 21.5159], [84.4593, 21.5283], [84.4672, 21.5274], [84.4711, 21.539], [84.4917, 21.5314], [84.503, 21.5484], [84.4883, 21.5781], [84.5095, 21.5722], [84.51, 21.5816], [84.534, 21.5683], [84.5324, 21.5774], [84.5425, 21.5837], [84.5695, 21.5815], [84.5313, 21.6065], [84.5234, 21.6256], [84.5006, 21.6243], [84.4847, 21.6402], [84.5009, 21.6837], [84.5417, 21.6794], [84.5558, 21.6849], [84.5667, 21.7032], [84.6292, 21.6984], [84.6381, 21.7231], [84.6311, 21.7402], [84.6461, 21.7433], [84.6551, 21.7641]], [[84.8736, 21.1768], [84.8757, 21.1706], [84.8777, 21.1784], [84.8736, 21.1768]]]}}, {"type": "Feature", "properties": {"district_name": "Dhenkanal", "dtcode11": "383"}, "geometry": {"type": "Polygon", "coordinates": [[[85.6837, 21.1857], [85.7075, 21.181], [85.7058, 21.1689], [85.7184, 21.1614], [85.7282, 21.1414], [85.6942, 21.1357], [85.6812, 21.1122], [85.7015, 21.0745], [85.7266, 21.0652], [85.7315, 21.0276], [85.7178, 20.9962], [85.7207, 20.981], [85.7427, 20.9917], [85.7701, 20.9876], [85.7803, 20.9722], [85.8008, 20.9676], [85.8275, 20.9248], [85.8453, 20.9328], [85.9172, 20.928], [85.9196, 20.9011], [85.8984, 20.8469], [85.9536, 20.8332], [85.9583, 20.8399], [85.9718, 20.8309], [85.9699, 20.8235], [86.0305, 20.8088], [86.0185, 20.7659], [86.0275, 20.7618], [86.0238, 20.7443], [86.0306, 20.7412], [86.0238, 20.7276], [86.0092, 20.7246], [85.9812, 20.7372], [85.9594, 20.7214], [85.9055, 20.7157], [85.9101, 20.6899], [85.8883, 20.6586], [85.8497, 20.6685], [85.8102, 20.6603], [85.7862, 20.6728], [85.7813, 20.6629], [85.7624, 20.6616], [85.7607, 20.6444], [85.7521, 20.6456], [85.7544, 20.6361], [85.7289, 20.6456], [85.7169, 20.6389], [85.7138, 20.6261], [85.7043, 20.6223], [85.7133, 20.6148], [85.709, 20.6055], [85.6898, 20.5966], [85.6559, 20.5502], [85.5994, 20.5382], [85.5852, 20.5137], [85.5036, 20.5365], [85.4975, 20.524], [85.4832, 20.5221], [85.4806, 20.5069], [85.4569, 20.4845], [85.4446, 20.4976], [85.4148, 20.5091], [85.4056, 20.509], [85.4081, 20.488], [85.3998, 20.4874], [85.3828, 20.5], [85.3501, 20.4973], [85.3173, 20.5029], [85.2939, 20.5169], [85.2826, 20.5123], [85.2513, 20.5186], [85.2114, 20.5483], [85.1969, 20.5672], [85.2079, 20.5761], [85.1787, 20.6009], [85.127, 20.6162], [85.1346, 20.6429], [85.1131, 20.6831], [85.1398, 20.7313], [85.1532, 20.7331], [85.1598, 20.7079], [85.1757, 20.7007], [85.1637, 20.6754], [85.1719, 20.6627], [85.1978, 20.6861], [85.1882, 20.6994], [85.2052, 20.7194], [85.2039, 20.7334], [85.2159, 20.7502], [85.2046, 20.7582], [85.2066, 20.7695], [85.1958, 20.7869], [85.2547, 20.7954], [85.2575, 20.8756], [85.2468, 20.884], [85.2616, 20.8913], [85.2426, 20.8993], [85.2387, 20.9121], [85.2457, 20.9366], [85.2409, 20.9621], [85.258, 20.9737], [85.2598, 20.9865], [85.236, 21.0114], [85.1652, 21.0537], [85.184, 21.0822], [85.2301, 21.0724], [85.2722, 21.1743], [85.2911, 21.1804], [85.3171, 21.1581], [85.3341, 21.1784], [85.3466, 21.1686], [85.3812, 21.1679], [85.3933, 21.1836], [85.464, 21.1239], [85.4978, 21.1152], [85.5452, 21.167], [85.6064, 21.1364], [85.6255, 21.161], [85.6634, 21.1666], [85.6837, 21.1857]]]}}, {"type": "Feature", "properties": {"district_name": "Gajapati", "dtcode11": "389"}, "geometry": {"type": "MultiPolygon", "coordinates": [[[[84.3293, 18.7872], [84.3396, 18.7894], [84.3394, 18.7787], [84.3293, 18.7872]]], [[[84.3532, 18.7898], [84.3497, 18.7887], [84.3497, 18.7919], [84.3532, 18.7898]]], [[[84.043, 19.6276], [84.0831, 19.633], [84.1058, 19.6233], [84.1338, 19.6312], [84.1529, 19.5835], [84.2069, 19.594], [84.2048, 19.5799], [84.2152, 19.5851], [84.2528, 19.5604], [84.2596, 19.5891], [84.2642, 19.5526], [84.2765, 19.554], [84.2795, 19.5673], [84.2983, 19.5791], [84.3357, 19.5861], [84.3349, 19.5982], [84.353, 19.5886], [84.3653, 19.5958], [84.3885, 19.5648], [84.3804, 19.5366], [84.3878, 19.5155], [84.3747, 19.4862], [84.3842, 19.4739], [84.3935, 19.4738], [84.4032, 19.449], [84.4229, 19.4456], [84.4234, 19.4394], [84.4052, 19.4392], [84.3833, 19.4232], [84.372, 19.4268], [84.3704, 19.4089], [84.3881, 19.4055], [84.3925, 19.3818], [84.3854, 19.3906], [84.3808, 19.3848], [84.3935, 19.3722], [84.4366, 19.3616], [84.4172, 19.338], [84.4201, 19.2939], [84.4277, 19.2945], [84.4199, 19.2776], [84.4255, 19.2609], [84.4093, 19.2391], [84.4111, 19.2252], [84.3968, 19.2139], [84.3962, 19.1994], [84.3607, 19.1904], [84.3689, 19.1801], [84.3647, 19.1612], [84.3894, 19.1417], [84.3785, 19.1405], [84.3764, 19.1288], [84.3882, 19.1253], [84.3748, 19.1115], [84.3785, 19.1059], [84.3711, 19.105], [84.3671, 19.0902], [84.3747, 19.087], [84.3731, 19.078], [84.3565, 19.0648], [84.3684, 19.0507], [84.3468, 19.014], [84.3568, 19.0143], [84.3539, 19.0083], [84.3712, 19.0143], [84.3597, 18.9935], [84.3644, 18.9894], [84.3805, 18.991], [84.3885, 19.0058], [84.3957, 19.0035], [84.3902, 18.9969], [84.3996, 18.9873], [84.3839, 18.9763], [84.3865, 18.9654], [84.4071, 18.9732], [84.4104, 18.9658], [84.3939, 18.954], [84.4118, 18.9393], [84.4256, 18.9509], [84.4277, 18.9321], [84.4395, 18.9271], [84.429, 18.9093], [84.4177, 18.9161], [84.418, 18.8972], [84.3784, 18.9037], [84.3977, 18.89], [84.3921, 18.8763], [84.3603, 18.8946], [84.3842, 18.8741], [84.3742, 18.8614], [84.3621, 18.8609], [84.337, 18.89], [84.3305, 18.8832], [84.3256, 18.8761], [84.3331, 18.8605], [84.3638, 18.8369], [84.3521, 18.8315], [84.3494, 18.8201], [84.3311, 18.8178], [84.3445, 18.8018], [84.3266, 18.7988], [84.3213, 18.7865], [84.2887, 18.8047], [84.2865, 18.7923], [84.261, 18.7832], [84.2263, 18.7988], [84.2144, 18.7954], [84.2138, 18.794], [84.2189, 18.7912], [84.2181, 18.7901], [84.1953, 18.7917], [84.1901, 18.7777], [84.1593, 18.7879], [84.1404, 18.7773], [84.1374, 18.7612], [84.1224, 18.7679], [84.0895, 18.7568], [84.0896, 18.764], [84.0764, 18.7644], [84.068, 18.7823], [84.0599, 18.7824], [84.0599, 18.7992], [84.0467, 18.8016], [84.0385, 18.8164], [84.0155, 18.8171], [84.0157, 18.8088], [83.9656, 18.8147], [83.95, 18.8052], [83.9158, 18.828], [83.8996, 18.8244], [83.8932, 18.8145], [83.8877, 18.831], [83.8477, 18.8657], [83.8458, 18.9136], [83.8267, 18.9161], [83.8177, 18.9715], [83.7936, 19.0069], [83.807, 19.0334], [83.8166, 19.032], [83.8334, 19.0038], [83.8444, 19.0107], [83.85, 19.0064], [83.8574, 18.9911], [83.891, 18.9946], [83.9079, 19.0199], [83.9284, 19.0151], [83.9503, 18.9976], [83.9602, 18.9992], [83.9856, 19.0223], [83.9632, 19.0431], [83.9647, 19.063], [83.9842, 19.0718], [84.0034, 19.0699], [84.0091, 19.0573], [84.0318, 19.0586], [84.0135, 19.0999], [84.0156, 19.1181], [84.0338, 19.132], [84.0259, 19.1429], [84.0099, 19.1432], [83.9888, 19.157], [83.988, 19.1866], [83.9975, 19.1934], [83.9797, 19.213], [83.9885, 19.2211], [84.0031, 19.2697], [84.0112, 19.2715], [84.0201, 19.2908], [84.0143, 19.3065], [84.0288, 19.3475], [84.0154, 19.3772], [83.9898, 19.389], [83.987, 19.4024], [83.9775, 19.3836], [83.9626, 19.396], [83.9472, 19.3968], [83.9418, 19.4198], [83.9634, 19.4484], [83.9767, 19.4861], [83.9591, 19.5079], [83.9782, 19.5311], [83.9704, 19.5422], [83.946, 19.5468], [83.9384, 19.5557], [83.9249, 19.6264], [83.955, 19.6362], [83.9664, 19.6239], [84.0034, 19.6288], [84.0097, 19.619], [84.0261, 19.6376], [84.043, 19.6276]]]]}}, {"type": "Feature", "properties": {"district_name": "Ganjam", "dtcode11": "388"}, "geometry": {"type": "Polygon", "coordinates": [[[84.736, 20.244], [84.7657, 20.2459], [84.7822, 20.2322], [84.8316, 20.2164], [84.8219, 20.1205], [84.8073, 20.1154], [84.7978, 20.0923], [84.8107, 20.0678], [84.8567, 20.0307], [84.8624, 20.0001], [84.9008, 19.9929], [84.9207, 19.9433], [84.9073, 19.9075], [84.9278, 19.9081], [84.9399, 19.8974], [84.936, 19.8745], [84.9693, 19.8544], [84.984, 19.8203], [84.9984, 19.8166], [85.0042, 19.8046], [85.045, 19.8059], [85.0723, 19.7946], [85.0835, 19.7707], [85.1378, 19.739], [85.1613, 19.6963], [85.1826, 19.6782], [85.173, 19.5593], [85.1354, 19.5215], [85.1731, 19.4668], [85.1056, 19.4138], [85.0799, 19.3748], [84.9836, 19.3178], [84.8632, 19.2155], [84.8113, 19.1575], [84.7663, 19.0781], [84.7028, 19.1179], [84.6978, 19.1264], [84.7061, 19.141], [84.7, 19.1444], [84.7106, 19.1466], [84.712, 19.1583], [84.6709, 19.166], [84.6673, 19.1299], [84.5955, 19.1324], [84.6095, 19.1008], [84.6255, 19.0991], [84.6255, 19.0849], [84.6312, 19.0821], [84.647, 19.0963], [84.6587, 19.0943], [84.6709, 19.0763], [84.6631, 19.0746], [84.6611, 19.063], [84.6184, 19.0659], [84.6207, 19.0561], [84.6134, 19.0566], [84.5941, 19.0223], [84.5817, 19.0301], [84.5833, 19.0425], [84.5773, 19.0405], [84.583, 19.0732], [84.5747, 19.0676], [84.5729, 19.0737], [84.5566, 19.0566], [84.5164, 19.0484], [84.4965, 19.0309], [84.4826, 19.0166], [84.476, 18.988], [84.4211, 19.022], [84.4322, 18.9951], [84.4524, 18.976], [84.4311, 18.9692], [84.4299, 18.9553], [84.4112, 18.9394], [84.3939, 18.954], [84.4104, 18.9658], [84.4073, 18.973], [84.3871, 18.9648], [84.3839, 18.9726], [84.3988, 18.9844], [84.3902, 18.9969], [84.3957, 19.0035], [84.3885, 19.0058], [84.3805, 18.991], [84.3644, 18.9894], [84.3597, 18.9935], [84.3712, 19.0143], [84.3539, 19.0083], [84.3568, 19.0143], [84.3468, 19.014], [84.3684, 19.0507], [84.3565, 19.0648], [84.3731, 19.078], [84.3747, 19.087], [84.3671, 19.0902], [84.3711, 19.105], [84.3785, 19.1059], [84.3748, 19.1115], [84.3882, 19.1253], [84.3764, 19.1288], [84.3785, 19.1405], [84.3894, 19.1417], [84.3647, 19.1612], [84.3689, 19.1801], [84.3607, 19.1904], [84.3962, 19.1994], [84.3968, 19.2139], [84.4111, 19.2252], [84.4093, 19.2391], [84.4255, 19.2609], [84.4199, 19.2776], [84.4277, 19.2945], [84.4201, 19.2939], [84.4172, 19.338], [84.4366, 19.3616], [84.3935, 19.3722], [84.3808, 19.3848], [84.3854, 19.3906], [84.3925, 19.3818], [84.3881, 19.4055], [84.3704, 19.4089], [84.372, 19.4268], [84.3833, 19.4232], [84.4052, 19.4392], [84.4234, 19.4394], [84.4229, 19.4456], [84.4032, 19.449], [84.3935, 19.4738], [84.3842, 19.4739], [84.3747, 19.4862], [84.3878, 19.5155], [84.3804, 19.5366], [84.3885, 19.5648], [84.3653, 19.5958], [84.353, 19.5886], [84.3349, 19.5982], [84.3357, 19.5861], [84.2983, 19.5791], [84.271, 19.5525], [84.2627, 19.5571], [84.2635, 19.5877], [84.2528, 19.5604], [84.2284, 19.5746], [84.2393, 19.5763], [84.2327, 19.5929], [84.2364, 19.6089], [84.2272, 19.6122], [84.2246, 19.6296], [84.2347, 19.6306], [84.2509, 19.6547], [84.2248, 19.6691], [84.2142, 19.6855], [84.201, 19.6864], [84.1907, 19.7113], [84.2017, 19.7339], [84.1815, 19.7377], [84.1526, 19.725], [84.1478, 19.7299], [84.1492, 19.7567], [84.1302, 19.7805], [84.173, 19.7934], [84.1652, 19.8056], [84.1737, 19.8235], [84.1865, 19.8232], [84.1999, 19.8353], [84.1848, 19.8605], [84.2775, 19.8806], [84.3062, 19.9086], [84.3242, 19.8722], [84.3441, 19.8616], [84.3583, 19.8635], [84.3707, 19.8474], [84.424, 19.8359], [84.4314, 19.8402], [84.4429, 19.8306], [84.4487, 19.8349], [84.4429, 19.8446], [84.4622, 19.8573], [84.4564, 19.9054], [84.4689, 19.9399], [84.4638, 19.9542], [84.4045, 19.9625], [84.3899, 19.9561], [84.3559, 19.9906], [84.3362, 19.9783], [84.3226, 19.9898], [84.3303, 20.0076], [84.3574, 20.033], [84.3635, 20.0258], [84.418, 20.0496], [84.4044, 20.0837], [84.4178, 20.1004], [84.4175, 20.1156], [84.4275, 20.1208], [84.4296, 20.1383], [84.4416, 20.1467], [84.4313, 20.1801], [84.4346, 20.2003], [84.4464, 20.2051], [84.4593, 20.1881], [84.4524, 20.1679], [84.4867, 20.1407], [84.5093, 20.1363], [84.5135, 20.1504], [84.5233, 20.1524], [84.5258, 20.1439], [84.5605, 20.1385], [84.5583, 20.1573], [84.5876, 20.1714], [84.5851, 20.1865], [84.5972, 20.1759], [84.6492, 20.2033], [84.651, 20.2259], [84.6651, 20.2441], [84.6724, 20.2741], [84.7048, 20.2785], [84.736, 20.244]]]}}, {"type": "Feature", "properties": {"district_name": "Jagatsinghapur", "dtcode11": "380"}, "geometry": {"type": "Polygon", "coordinates": [[[86.0294, 20.3951], [86.0452, 20.3959], [86.0893, 20.3618], [86.104, 20.374], [86.1136, 20.3691], [86.1074, 20.3654], [86.1303, 20.3572], [86.1645, 20.379], [86.2212, 20.3605], [86.2691, 20.3725], [86.2732, 20.3573], [86.2879, 20.3629], [86.3053, 20.3548], [86.3095, 20.3616], [86.3146, 20.3542], [86.325, 20.3576], [86.3248, 20.3689], [86.3359, 20.3704], [86.3488, 20.3508], [86.3701, 20.3594], [86.3896, 20.3539], [86.3938, 20.3653], [86.4124, 20.3592], [86.4235, 20.3422], [86.4336, 20.3466], [86.4317, 20.3356], [86.4522, 20.3301], [86.4733, 20.3368], [86.4988, 20.3283], [86.5203, 20.3413], [86.5501, 20.3245], [86.6047, 20.3411], [86.6644, 20.3288], [86.6975, 20.2969], [86.7234, 20.2984], [86.7797, 20.3364], [86.6798, 20.2642], [86.6693, 20.2757], [86.6721, 20.2625], [86.6802, 20.2599], [86.5956, 20.2245], [86.5238, 20.1734], [86.4769, 20.0973], [86.434, 20.0521], [86.4142, 19.9975], [86.378, 19.9668], [86.3736, 19.9764], [86.3551, 19.9729], [86.3411, 19.9807], [86.3135, 20.0253], [86.2698, 20.0415], [86.2781, 20.0547], [86.2537, 20.0533], [86.2428, 20.0365], [86.2302, 20.043], [86.2203, 20.0353], [86.2114, 20.0429], [86.2048, 20.0387], [86.2009, 20.0523], [86.1835, 20.0507], [86.1541, 20.0911], [86.1643, 20.1142], [86.1552, 20.1216], [86.1558, 20.1353], [86.1418, 20.1442], [86.1465, 20.1726], [86.168, 20.168], [86.1388, 20.1954], [86.1508, 20.2137], [86.0777, 20.2444], [86.0667, 20.2663], [86.0326, 20.2949], [86.0224, 20.3569], [86.0109, 20.377], [86.0259, 20.4024], [86.0294, 20.3951]]]}}, {"type": "Feature", "properties": {"district_name": "Jajapur", "dtcode11": "382"}, "geometry": {"type": "Polygon", "coordinates": [[[86.0877, 21.165], [86.075, 21.155], [86.0746, 21.1309], [86.051, 21.1174], [86.0269, 21.073], [86.0382, 21.0603], [86.034, 21.0474], [86.0495, 21.0216], [86.0831, 21.0158], [86.0934, 21.0539], [86.112, 21.0569], [86.1336, 21.0764], [86.1582, 21.065], [86.2062, 21.0584], [86.2344, 21.0403], [86.2606, 21.0394], [86.2897, 21.0098], [86.2806, 20.9046], [86.3108, 20.8953], [86.3201, 20.8769], [86.3345, 20.8777], [86.3284, 20.862], [86.3553, 20.8508], [86.3905, 20.865], [86.4216, 20.8557], [86.4261, 20.8469], [86.4506, 20.8435], [86.4681, 20.8606], [86.4822, 20.8555], [86.5121, 20.8705], [86.5436, 20.8604], [86.5642, 20.8645], [86.5936, 20.8575], [86.601, 20.8299], [86.609, 20.8302], [86.6233, 20.8084], [86.6135, 20.8025], [86.614, 20.7953], [86.6246, 20.7929], [86.6213, 20.7811], [86.6139, 20.7804], [86.6172, 20.7752], [86.6016, 20.7723], [86.5865, 20.78], [86.5642, 20.7738], [86.5534, 20.756], [86.5407, 20.7521], [86.5381, 20.7347], [86.5463, 20.7301], [86.561, 20.7382], [86.5459, 20.7217], [86.556, 20.7066], [86.5258, 20.6882], [86.514, 20.6993], [86.5109, 20.6874], [86.4875, 20.6794], [86.4686, 20.6893], [86.4523, 20.6752], [86.4503, 20.6477], [86.4265, 20.645], [86.418, 20.635], [86.422, 20.6251], [86.3999, 20.6241], [86.3769, 20.5941], [86.3447, 20.6103], [86.3303, 20.609], [86.3196, 20.6304], [86.3143, 20.581], [86.2665, 20.5842], [86.2509, 20.6053], [86.2086, 20.6159], [86.2015, 20.6323], [86.1836, 20.626], [86.1852, 20.6322], [86.1642, 20.638], [86.1889, 20.6392], [86.1873, 20.6581], [86.175, 20.653], [86.174, 20.6446], [86.1611, 20.6496], [86.1448, 20.6423], [86.1171, 20.6138], [86.0869, 20.6171], [86.0776, 20.5946], [86.0719, 20.6], [86.0408, 20.5924], [86.0431, 20.6003], [86.0062, 20.6251], [86.0037, 20.6417], [85.9918, 20.6456], [85.9738, 20.669], [85.9656, 20.6665], [85.9579, 20.6849], [85.9041, 20.7057], [85.9055, 20.7157], [85.9594, 20.7214], [85.9812, 20.7372], [86.0092, 20.7246], [86.0235, 20.7273], [86.0306, 20.7412], [86.0238, 20.7443], [86.0275, 20.7618], [86.0185, 20.7659], [86.0305, 20.8088], [85.9699, 20.8235], [85.9718, 20.8309], [85.9583, 20.8399], [85.9536, 20.8332], [85.8984, 20.8469], [85.9196, 20.9011], [85.9172, 20.928], [85.8453, 20.9328], [85.8275, 20.9248], [85.8008, 20.9676], [85.7803, 20.9722], [85.7701, 20.9876], [85.7427, 20.9917], [85.7207, 20.981], [85.7178, 20.9962], [85.7315, 21.0276], [85.7266, 21.0652], [85.7015, 21.0745], [85.6812, 21.1122], [85.6992, 21.1385], [85.7405, 21.1394], [85.752, 21.1492], [85.7621, 21.1449], [85.7726, 21.105], [85.807, 21.1065], [85.822, 21.0909], [85.8477, 21.0956], [85.8872, 21.0861], [85.917, 21.0925], [85.9291, 21.1361], [85.9489, 21.1289], [85.9752, 21.143], [85.9823, 21.1365], [86.0074, 21.1453], [86.0252, 21.1392], [86.0366, 21.1606], [86.0617, 21.1531], [86.0666, 21.1645], [86.0807, 21.1704], [86.0877, 21.165]]]}}, {"type": "Feature", "properties": {"district_name": "Jharsuguda", "dtcode11": "371"}, "geometry": {"type": "Polygon", "coordinates": [[[84.2973, 22.0361], [84.3369, 22.0335], [84.3566, 22.0386], [84.3909, 22.0237], [84.3811, 22.0149], [84.3742, 21.9894], [84.3787, 21.9788], [84.3623, 21.9835], [84.3721, 21.9563], [84.3275, 21.8635], [84.3278, 21.8331], [84.3143, 21.8234], [84.2874, 21.7723], [84.2661, 21.7618], [84.2499, 21.7687], [84.2513, 21.7593], [84.2384, 21.7492], [84.2088, 21.7482], [84.2109, 21.7402], [84.195, 21.7376], [84.1924, 21.7238], [84.1829, 21.7233], [84.1472, 21.7346], [84.1454, 21.7757], [84.1149, 21.7882], [84.0877, 21.7715], [84.0557, 21.7741], [84.0362, 21.7561], [84.0197, 21.7857], [84.0059, 21.7882], [84.0001, 21.7737], [83.9796, 21.7814], [83.983, 21.7571], [83.9689, 21.7614], [83.954, 21.7337], [83.9418, 21.7297], [83.9475, 21.7174], [83.9727, 21.704], [83.9665, 21.6891], [83.9745, 21.5982], [83.9633, 21.5766], [83.9418, 21.5818], [83.8754, 21.5771], [83.8107, 21.5948], [83.7983, 21.5643], [83.7298, 21.6261], [83.6923, 21.7019], [83.6483, 21.7233], [83.5664, 21.7441], [83.5442, 21.7291], [83.5242, 21.6727], [83.4866, 21.6441], [83.4481, 21.6575], [83.4187, 21.6807], [83.4316, 21.6999], [83.4593, 21.6985], [83.4893, 21.7454], [83.4762, 21.7521], [83.4823, 21.7651], [83.4694, 21.7876], [83.4837, 21.7942], [83.4924, 21.818], [83.5226, 21.7994], [83.541, 21.7993], [83.5401, 21.822], [83.5305, 21.8276], [83.5416, 21.8383], [83.5539, 21.8404], [83.59, 21.8258], [83.6075, 21.8329], [83.609, 21.8458], [83.6233, 21.8487], [83.6364, 21.8191], [83.6868, 21.8017], [83.6888, 21.7904], [83.7192, 21.786], [83.7383, 21.8168], [83.7968, 21.8688], [83.8128, 21.8546], [83.8163, 21.8848], [83.8291, 21.8774], [83.8309, 21.8961], [83.8376, 21.8935], [83.8644, 21.9112], [83.8517, 21.9236], [83.877, 21.9231], [83.8963, 21.946], [83.9589, 21.9426], [83.9761, 21.9054], [84.0043, 21.9226], [84.0271, 21.9539], [84.0613, 21.9344], [84.0786, 21.9375], [84.0785, 21.9539], [84.0876, 21.9636], [84.0841, 21.9799], [84.0702, 21.9897], [84.0864, 21.9902], [84.0888, 21.9994], [84.106, 21.9921], [84.1174, 22.013], [84.1361, 21.999], [84.167, 22.0019], [84.2009, 21.9857], [84.2035, 21.978], [84.2295, 21.9745], [84.2678, 22.0157], [84.285, 22.0147], [84.2973, 22.0361]]]}}, {"type": "Feature", "properties": {"district_name": "Kalahandi", "dtcode11": "395"}, "geometry": {"type": "Polygon", "coordinates": [[[83.4881, 20.4531], [83.4975, 20.4344], [83.4891, 20.4272], [83.4899, 20.4051], [83.4997, 20.4161], [83.537, 20.3987], [83.5548, 20.3997], [83.57, 20.3874], [83.5765, 20.363], [83.6217, 20.3506], [83.6263, 20.3671], [83.6525, 20.3669], [83.6509, 20.3885], [83.7059, 20.3682], [83.7005, 20.352], [83.7175, 20.2903], [83.7177, 20.2551], [83.725, 20.2414], [83.7188, 20.2371], [83.74, 20.2224], [83.7313, 20.2097], [83.7716, 20.2057], [83.7827, 20.2125], [83.7897, 20.1788], [83.7775, 20.1725], [83.7735, 20.1596], [83.7625, 20.1643], [83.7327, 20.1474], [83.7265, 20.1262], [83.7158, 20.1292], [83.719, 20.115], [83.7107, 20.1016], [83.6922, 20.0999], [83.6757, 20.1111], [83.6358, 20.0873], [83.5844, 20.1141], [83.5806, 20.1076], [83.588, 20.0992], [83.5724, 20.0861], [83.5687, 20.0563], [83.5543, 20.0538], [83.5424, 20.0207], [83.5231, 20.0165], [83.5006, 19.9936], [83.5036, 19.9768], [83.4952, 19.9605], [83.4462, 19.9733], [83.4421, 19.9336], [83.4231, 19.9285], [83.4185, 19.9344], [83.4041, 19.9209], [83.4305, 19.871], [83.4219, 19.8495], [83.439, 19.8332], [83.4315, 19.8264], [83.4368, 19.8017], [83.4592, 19.7965], [83.4506, 19.7847], [83.4539, 19.7371], [83.4444, 19.7322], [83.4464, 19.7196], [83.4323, 19.7122], [83.428, 19.6963], [83.3838, 19.6679], [83.3693, 19.6198], [83.3729, 19.5974], [83.358, 19.6071], [83.3193, 19.5924], [83.2878, 19.5971], [83.2878, 19.5888], [83.2663, 19.6011], [83.2693, 19.5774], [83.253, 19.57], [83.2659, 19.5589], [83.2638, 19.5479], [83.2483, 19.5395], [83.2574, 19.5282], [83.2455, 19.5046], [83.2283, 19.5059], [83.2049, 19.4742], [83.2011, 19.4601], [83.2192, 19.4431], [83.2161, 19.4305], [83.2131, 19.4383], [83.2018, 19.4392], [83.2025, 19.4514], [83.1912, 19.4652], [83.1824, 19.4522], [83.1852, 19.4237], [83.1693, 19.4271], [83.1484, 19.4669], [83.1585, 19.4838], [83.1354, 19.5079], [83.1224, 19.4978], [83.1072, 19.5087], [83.1142, 19.5146], [83.1026, 19.5244], [83.108, 19.5383], [83.088, 19.5372], [83.0704, 19.5617], [83.0361, 19.55], [83.0254, 19.5082], [82.9992, 19.4978], [82.997, 19.4676], [82.9783, 19.4494], [82.9349, 19.4517], [82.9227, 19.4407], [82.9361, 19.4252], [82.9382, 19.4033], [82.9557, 19.3925], [82.9452, 19.3638], [82.9536, 19.3465], [82.9384, 19.3233], [82.9379, 19.3068], [82.9116, 19.2959], [82.9017, 19.2833], [82.9026, 19.264], [82.9183, 19.2386], [82.8948, 19.2172], [82.8842, 19.2181], [82.8944, 19.2111], [82.887, 19.2007], [82.8503, 19.2068], [82.8362, 19.2364], [82.8239, 19.2393], [82.8138, 19.2308], [82.7987, 19.2362], [82.8168, 19.2566], [82.8246, 19.2562], [82.826, 19.2824], [82.8437, 19.3012], [82.8413, 19.308], [82.853, 19.3078], [82.8438, 19.3172], [82.848, 19.3241], [82.8225, 19.3222], [82.7797, 19.3431], [82.772, 19.3403], [82.773, 19.3318], [82.7568, 19.3268], [82.7414, 19.3495], [82.7257, 19.345], [82.725, 19.3542], [82.7125, 19.3606], [82.717, 19.3698], [82.7085, 19.3786], [82.7061, 19.4002], [82.7155, 19.4043], [82.7083, 19.4192], [82.6896, 19.4201], [82.6825, 19.4374], [82.6739, 19.4341], [82.6602, 19.4571], [82.6496, 19.4595], [82.649, 19.4775], [82.6332, 19.4818], [82.6465, 19.5078], [82.607, 19.5208], [82.6161, 19.5388], [82.5662, 19.5446], [82.5679, 19.5662], [82.5582, 19.5821], [82.5357, 19.5781], [82.5293, 19.5849], [82.5474, 19.6121], [82.5245, 19.6322], [82.5557, 19.6452], [82.5769, 19.6808], [82.5673, 19.6845], [82.5731, 19.7139], [82.563, 19.7279], [82.6022, 19.747], [82.5953, 19.7785], [82.6271, 19.7937], [82.6522, 19.8322], [82.6967, 19.8306], [82.7114, 19.84], [82.7241, 19.8751], [82.7141, 19.8778], [82.7074, 19.902], [82.7205, 19.9483], [82.7146, 19.9586], [82.7166, 20.0064], [82.7284, 20.0236], [82.7449, 20.0246], [82.7481, 20.0416], [82.7397, 20.0526], [82.7554, 20.0554], [82.7883, 20.1034], [82.8132, 20.101], [82.8205, 20.1128], [82.8161, 20.1285], [82.8229, 20.1652], [82.8839, 20.1582], [82.9096, 20.1474], [82.911, 20.1678], [82.9262, 20.1802], [82.9437, 20.1739], [82.9757, 20.1806], [83.0158, 20.1717], [83.0344, 20.1867], [83.0608, 20.186], [83.0861, 20.1921], [83.0911, 20.2003], [83.1021, 20.192], [83.1276, 20.1944], [83.1448, 20.1694], [83.1889, 20.1759], [83.2045, 20.1955], [83.2251, 20.2045], [83.2392, 20.2296], [83.2371, 20.2562], [83.2849, 20.2799], [83.3001, 20.3052], [83.3609, 20.3171], [83.3641, 20.3433], [83.3882, 20.3477], [83.4097, 20.37], [83.4222, 20.4031], [83.4881, 20.4531]]]}}, {"type": "Feature", "properties": {"district_name": "Kandhamal", "dtcode11": "390"}, "geometry": {"type": "Polygon", "coordinates": [[[84.3429, 20.6704], [84.3567, 20.6712], [84.3689, 20.6508], [84.3842, 20.5982], [84.3796, 20.5884], [84.394, 20.5761], [84.3812, 20.5587], [84.388, 20.5305], [84.4335, 20.5089], [84.4345, 20.4962], [84.4253, 20.4848], [84.4551, 20.4663], [84.4647, 20.4459], [84.4609, 20.4], [84.4816, 20.3843], [84.4929, 20.3951], [84.5097, 20.3952], [84.5132, 20.3824], [84.5206, 20.3814], [84.5181, 20.3692], [84.4832, 20.3478], [84.4933, 20.3336], [84.5115, 20.3378], [84.5146, 20.3191], [84.5211, 20.3256], [84.5428, 20.3233], [84.5521, 20.284], [84.5439, 20.2756], [84.5422, 20.2507], [84.5489, 20.2319], [84.5745, 20.2057], [84.5876, 20.1716], [84.5583, 20.1573], [84.5605, 20.1385], [84.5258, 20.1439], [84.5233, 20.1524], [84.5135, 20.1504], [84.5093, 20.1363], [84.4867, 20.1407], [84.4539, 20.1661], [84.4593, 20.1881], [84.4462, 20.2053], [84.4346, 20.2003], [84.4313, 20.1801], [84.4416, 20.1467], [84.4296, 20.1383], [84.4275, 20.1208], [84.4175, 20.1156], [84.4178, 20.1004], [84.4044, 20.0837], [84.418, 20.0496], [84.3635, 20.0258], [84.3574, 20.033], [84.3281, 20.0032], [84.3226, 19.9898], [84.3282, 19.9807], [84.3368, 19.9784], [84.3559, 19.9906], [84.3899, 19.9561], [84.4045, 19.9625], [84.4638, 19.9542], [84.4689, 19.9399], [84.4564, 19.9054], [84.4622, 19.8573], [84.4429, 19.8446], [84.4487, 19.8349], [84.4429, 19.8306], [84.4314, 19.8402], [84.424, 19.8359], [84.3707, 19.8474], [84.3583, 19.8635], [84.3441, 19.8616], [84.3242, 19.8722], [84.3063, 19.9086], [84.2775, 19.8806], [84.1848, 19.8605], [84.1999, 19.8353], [84.1865, 19.8232], [84.1737, 19.8235], [84.1652, 19.8056], [84.173, 19.7934], [84.1302, 19.7805], [84.1492, 19.7567], [84.1478, 19.7299], [84.1526, 19.725], [84.1815, 19.7377], [84.2017, 19.7339], [84.1907, 19.7113], [84.201, 19.6864], [84.2142, 19.6855], [84.2248, 19.6691], [84.2509, 19.6547], [84.2347, 19.6306], [84.224, 19.6273], [84.2272, 19.6122], [84.2364, 19.6089], [84.2327, 19.5929], [84.2393, 19.5763], [84.2339, 19.5733], [84.2152, 19.5851], [84.2048, 19.5799], [84.2087, 19.5916], [84.1974, 19.5953], [84.1529, 19.5835], [84.1368, 19.6287], [84.1289, 19.6322], [84.1058, 19.6233], [84.0831, 19.633], [84.043, 19.6276], [84.0261, 19.6376], [84.0097, 19.619], [84.0034, 19.6288], [83.9664, 19.6239], [83.955, 19.6362], [83.9401, 19.6353], [83.934, 19.6583], [83.9238, 19.6636], [83.9358, 19.6714], [83.9303, 19.6787], [83.8729, 19.6717], [83.8538, 19.6857], [83.845, 19.7094], [83.8324, 19.7069], [83.8149, 19.721], [83.7914, 19.711], [83.7664, 19.7162], [83.763, 19.6768], [83.7425, 19.6555], [83.7289, 19.6548], [83.7225, 19.6719], [83.695, 19.6911], [83.6458, 19.6593], [83.6345, 19.6714], [83.6436, 19.6968], [83.6321, 19.7309], [83.6255, 19.7448], [83.6078, 19.7506], [83.6211, 19.7756], [83.619, 19.8145], [83.6069, 19.8161], [83.5998, 19.8345], [83.5853, 19.8232], [83.5437, 19.8428], [83.5347, 19.858], [83.5285, 19.8543], [83.5267, 19.8777], [83.5536, 19.9103], [83.5599, 19.9299], [83.4952, 19.9605], [83.5036, 19.9768], [83.5006, 19.9936], [83.5231, 20.0165], [83.5424, 20.0207], [83.5543, 20.0538], [83.5687, 20.0563], [83.5724, 20.0861], [83.588, 20.0992], [83.5806, 20.1076], [83.5844, 20.1141], [83.6358, 20.0873], [83.6757, 20.1111], [83.6922, 20.0999], [83.7107, 20.1016], [83.719, 20.115], [83.7158, 20.1292], [83.7265, 20.1262], [83.7327, 20.1474], [83.7625, 20.1643], [83.7735, 20.1596], [83.7775, 20.1725], [83.7897, 20.1788], [83.7827, 20.2125], [83.7716, 20.2057], [83.7313, 20.2097], [83.7401, 20.222], [83.7188, 20.2371], [83.725, 20.2414], [83.7177, 20.2551], [83.7175, 20.2903], [83.7005, 20.352], [83.7061, 20.368], [83.6534, 20.3847], [83.6618, 20.4046], [83.6582, 20.4142], [83.6749, 20.4303], [83.692, 20.4142], [83.7192, 20.4352], [83.738, 20.4222], [83.7547, 20.4261], [83.7801, 20.4073], [83.7857, 20.4421], [83.8061, 20.4314], [83.8145, 20.4363], [83.8075, 20.4462], [83.8131, 20.455], [83.8282, 20.4522], [83.8113, 20.4625], [83.8065, 20.4944], [83.7963, 20.5089], [83.8192, 20.5221], [83.8246, 20.5356], [83.8196, 20.5445], [83.8412, 20.5452], [83.857, 20.5631], [83.8559, 20.5719], [83.8736, 20.5825], [83.9124, 20.5795], [83.9128, 20.6022], [83.9215, 20.6105], [83.9406, 20.6047], [83.9295, 20.5962], [83.938, 20.5842], [83.9795, 20.586], [84.0037, 20.5688], [84.0602, 20.5899], [84.0817, 20.5845], [84.1046, 20.592], [84.1116, 20.5829], [84.1447, 20.578], [84.1758, 20.5993], [84.1856, 20.5844], [84.2252, 20.5819], [84.2566, 20.6018], [84.2718, 20.6361], [84.2804, 20.6355], [84.2732, 20.6681], [84.2863, 20.6801], [84.3263, 20.6878], [84.3429, 20.6704]]]}}, {"type": "Feature", "properties": {"district_name": "Kendrapara", "dtcode11": "379"}, "geometry": {"type": "MultiPolygon", "coordinates": [[[[86.7838, 20.3616], [86.7808, 20.3615], [86.7845, 20.364], [86.7838, 20.3616]]], [[[86.7926, 20.3835], [86.7903, 20.3823], [86.791, 20.3864], [86.7926, 20.3835]]], [[[86.8055, 20.3958], [86.8075, 20.3735], [86.7989, 20.3645], [86.7958, 20.3951], [86.799, 20.3864], [86.8029, 20.3902], [86.7965, 20.4001], [86.8055, 20.3958]]], [[[86.7879, 20.3835], [86.7902, 20.4326], [86.8, 20.4431], [86.7937, 20.4932], [86.8082, 20.4531], [86.7879, 20.3835]]], [[[87.0132, 20.7172], [87.0086, 20.7099], [87.0066, 20.7119], [87.0132, 20.7172]]], [[[87.0062, 20.7151], [87.0017, 20.7115], [87.0081, 20.7195], [87.0062, 20.7151]]], [[[86.9836, 20.7804], [86.9785, 20.7788], [86.9826, 20.7848], [86.9836, 20.7804]]], [[[86.6318, 20.7919], [86.6371, 20.798], [86.6421, 20.7884], [86.6521, 20.7968], [86.6603, 20.7953], [86.6605, 20.7872], [86.6775, 20.79], [86.7064, 20.7767], [86.7105, 20.7597], [86.7314, 20.77], [86.7551, 20.7694], [86.7564, 20.7368], [86.7813, 20.7412], [86.7925, 20.7318], [86.7975, 20.7546], [86.8216, 20.7457], [86.8331, 20.7627], [86.8736, 20.7876], [86.941, 20.78], [86.951, 20.7754], [86.942, 20.773], [86.9442, 20.7665], [86.9925, 20.7702], [87.0056, 20.7346], [86.9965, 20.7122], [87.0055, 20.7028], [87.0, 20.6978], [87.0582, 20.7168], [86.7753, 20.5208], [86.7456, 20.468], [86.7344, 20.4645], [86.7286, 20.4407], [86.7336, 20.4148], [86.7244, 20.3938], [86.7395, 20.4006], [86.7433, 20.3804], [86.7512, 20.3877], [86.7464, 20.3786], [86.7762, 20.4054], [86.7809, 20.3786], [86.7973, 20.3758], [86.7912, 20.3658], [86.7889, 20.3746], [86.7819, 20.3659], [86.7788, 20.3566], [86.7915, 20.3648], [86.7943, 20.3692], [86.798, 20.3634], [86.7713, 20.3293], [86.7234, 20.2984], [86.6936, 20.2977], [86.6818, 20.3186], [86.6644, 20.3288], [86.5992, 20.3419], [86.5501, 20.3245], [86.5203, 20.3413], [86.4988, 20.3283], [86.4733, 20.3368], [86.4522, 20.3301], [86.4317, 20.3356], [86.4336, 20.3466], [86.4235, 20.3422], [86.4124, 20.3592], [86.3938, 20.3653], [86.3896, 20.3539], [86.3606, 20.3584], [86.3592, 20.3505], [86.3488, 20.3508], [86.3359, 20.3704], [86.3248, 20.3689], [86.325, 20.3576], [86.3176, 20.3541], [86.3095, 20.3616], [86.3053, 20.3548], [86.2879, 20.3629], [86.2732, 20.3573], [86.2691, 20.3725], [86.248, 20.3648], [86.2506, 20.3811], [86.2572, 20.3752], [86.2613, 20.3868], [86.2731, 20.388], [86.2757, 20.3969], [86.2663, 20.3951], [86.2655, 20.4054], [86.2721, 20.4058], [86.2774, 20.4224], [86.2683, 20.4253], [86.2666, 20.438], [86.2752, 20.4465], [86.2646, 20.451], [86.2741, 20.4546], [86.2624, 20.4855], [86.2774, 20.4964], [86.2682, 20.5074], [86.2764, 20.5186], [86.2561, 20.5328], [86.2485, 20.5306], [86.2485, 20.541], [86.2705, 20.559], [86.2572, 20.5621], [86.2726, 20.5643], [86.2865, 20.5843], [86.3143, 20.581], [86.3196, 20.6304], [86.3303, 20.609], [86.3447, 20.6103], [86.3769, 20.5941], [86.3999, 20.6241], [86.422, 20.6251], [86.418, 20.635], [86.4265, 20.645], [86.4503, 20.6477], [86.4523, 20.6752], [86.4686, 20.6893], [86.4875, 20.6794], [86.5109, 20.6874], [86.5153, 20.6997], [86.5241, 20.6882], [86.5296, 20.6957], [86.5417, 20.6941], [86.5562, 20.707], [86.5459, 20.7217], [86.5611, 20.738], [86.5434, 20.7303], [86.5407, 20.7521], [86.5534, 20.756], [86.5668, 20.7753], [86.5865, 20.78], [86.6082, 20.7722], [86.6213, 20.7811], [86.6222, 20.7968], [86.6318, 20.7919]]]]}}, {"type": "Feature", "properties": {"district_name": "Kendujhar", "dtcode11": "375"}, "geometry": {"type": "Polygon", "coordinates": [[[85.4034, 22.1621], [85.515, 22.1156], [85.5398, 22.1018], [85.543, 22.0905], [85.5604, 22.0961], [85.5972, 22.0791], [85.6539, 22.0942], [85.6787, 22.0622], [85.6737, 22.0424], [85.6622, 22.034], [85.6687, 22.0154], [85.7009, 22.0064], [85.6971, 21.9926], [85.7061, 21.9847], [85.7376, 21.9929], [85.7467, 21.9772], [85.7648, 21.974], [85.7938, 21.9513], [85.7878, 21.9037], [85.8049, 21.8883], [85.8002, 21.8767], [85.8092, 21.8514], [85.8094, 21.8115], [85.8253, 21.8033], [85.8384, 21.8108], [85.8732, 21.7959], [85.9002, 21.7673], [85.9092, 21.7708], [85.9174, 21.7603], [85.9363, 21.7636], [85.9655, 21.7398], [86.0127, 21.7517], [86.0276, 21.7248], [86.0241, 21.696], [86.0352, 21.693], [86.0499, 21.7179], [86.0575, 21.6937], [86.0821, 21.6919], [86.0721, 21.6642], [86.0791, 21.6305], [86.0684, 21.6086], [86.0503, 21.5948], [86.046, 21.5773], [86.0157, 21.5613], [86.0187, 21.5516], [86.0063, 21.5339], [86.1264, 21.4736], [86.1613, 21.4234], [86.135, 21.3995], [86.1198, 21.3713], [86.1247, 21.3606], [86.1044, 21.3509], [86.1046, 21.3265], [86.089, 21.3126], [86.106, 21.3045], [86.1137, 21.2739], [86.1352, 21.2658], [86.1352, 21.2818], [86.1429, 21.279], [86.1559, 21.2921], [86.185, 21.2725], [86.2064, 21.2813], [86.2243, 21.324], [86.2651, 21.3626], [86.2658, 21.3802], [86.2826, 21.377], [86.2953, 21.3567], [86.3276, 21.3417], [86.3599, 21.3118], [86.3529, 21.2842], [86.3597, 21.2661], [86.3722, 21.2586], [86.3677, 21.2408], [86.3519, 21.2372], [86.3481, 21.1918], [86.3385, 21.1793], [86.3205, 21.1811], [86.3112, 21.169], [86.2917, 21.1755], [86.2717, 21.1473], [86.2707, 21.1402], [86.2913, 21.1262], [86.287, 21.1204], [86.3084, 21.113], [86.305, 21.088], [86.3178, 21.0813], [86.3237, 21.0642], [86.321, 21.0549], [86.3133, 21.0601], [86.304, 21.0199], [86.2816, 21.0224], [86.2606, 21.0394], [86.2314, 21.0412], [86.2062, 21.0584], [86.1582, 21.065], [86.1336, 21.0764], [86.112, 21.0569], [86.0934, 21.0539], [86.0831, 21.0158], [86.0495, 21.0216], [86.034, 21.0474], [86.0382, 21.0603], [86.0269, 21.073], [86.051, 21.1174], [86.0746, 21.1309], [86.075, 21.155], [86.0894, 21.1684], [86.0823, 21.1703], [86.0658, 21.1639], [86.0631, 21.1533], [86.0366, 21.1606], [86.0252, 21.1392], [86.0074, 21.1453], [85.9823, 21.1365], [85.9752, 21.143], [85.9489, 21.1289], [85.9291, 21.1361], [85.917, 21.0925], [85.8872, 21.0861], [85.8477, 21.0956], [85.822, 21.0909], [85.807, 21.1065], [85.7726, 21.105], [85.7619, 21.1451], [85.7515, 21.1492], [85.7405, 21.1394], [85.7288, 21.1409], [85.7058, 21.1689], [85.7075, 21.181], [85.6905, 21.1795], [85.683, 21.1864], [85.6634, 21.1666], [85.6255, 21.161], [85.6064, 21.1364], [85.5452, 21.167], [85.4978, 21.1152], [85.4715, 21.1202], [85.3868, 21.1905], [85.3799, 21.1993], [85.3823, 21.2143], [85.3611, 21.2443], [85.2951, 21.2766], [85.287, 21.264], [85.2704, 21.274], [85.2723, 21.303], [85.2825, 21.2993], [85.3152, 21.3302], [85.3226, 21.3187], [85.3425, 21.3662], [85.3263, 21.3907], [85.3049, 21.3964], [85.3014, 21.4178], [85.2728, 21.4278], [85.2552, 21.451], [85.2625, 21.4571], [85.3036, 21.448], [85.3069, 21.462], [85.3214, 21.4652], [85.3321, 21.4818], [85.3286, 21.5093], [85.3209, 21.5352], [85.3014, 21.5311], [85.3, 21.5539], [85.3126, 21.5683], [85.3027, 21.567], [85.2864, 21.5841], [85.2831, 21.5965], [85.2918, 21.6004], [85.2666, 21.6234], [85.253, 21.675], [85.2428, 21.6802], [85.2092, 21.6754], [85.2019, 21.661], [85.1912, 21.6613], [85.1863, 21.6788], [85.1928, 21.6967], [85.1842, 21.7091], [85.2128, 21.7393], [85.2143, 21.7472], [85.2068, 21.7469], [85.2, 21.7622], [85.2263, 21.8202], [85.2429, 21.8044], [85.2907, 21.8374], [85.3094, 21.8197], [85.3406, 21.8248], [85.3638, 21.8592], [85.3759, 21.9365], [85.3139, 21.9586], [85.2838, 21.9542], [85.2314, 21.9968], [85.2751, 22.0823], [85.3096, 22.1179], [85.3462, 22.1303], [85.3644, 22.1237], [85.3603, 22.1435], [85.3661, 22.1589], [85.4034, 22.1621]]]}}, {"type": "Feature", "properties": {"district_name": "Khordha", "dtcode11": "386"}, "geometry": {"type": "Polygon", "coordinates": [[[85.8013, 20.4357], [85.8164, 20.4308], [85.8241, 20.4081], [85.8418, 20.4107], [85.8603, 20.3957], [85.8659, 20.4001], [85.8783, 20.3787], [85.8734, 20.3672], [85.8788, 20.3573], [85.8916, 20.3602], [85.8976, 20.372], [85.9003, 20.3528], [85.9137, 20.3481], [85.9267, 20.3295], [85.9269, 20.3129], [85.9155, 20.3277], [85.9101, 20.3192], [85.9228, 20.2936], [85.9383, 20.2828], [85.931, 20.2707], [85.9501, 20.2711], [85.952, 20.2612], [85.99, 20.2258], [86.0039, 20.225], [86.0173, 20.1861], [86.0277, 20.1822], [86.0217, 20.1674], [86.0375, 20.1792], [86.0535, 20.1635], [86.0445, 20.1408], [86.0319, 20.1424], [86.0353, 20.1347], [86.0652, 20.1236], [86.0792, 20.1053], [86.029, 20.1077], [86.0214, 20.1012], [86.0101, 20.1128], [85.999, 20.107], [85.9598, 20.1217], [85.9527, 20.1127], [85.9458, 20.1211], [85.9437, 20.1146], [85.9248, 20.1129], [85.9024, 20.1273], [85.8971, 20.1119], [85.8785, 20.1135], [85.8737, 20.1261], [85.9037, 20.1518], [85.8937, 20.1599], [85.8872, 20.1835], [85.852, 20.2036], [85.8404, 20.2001], [85.8374, 20.1949], [85.8548, 20.1922], [85.8541, 20.1764], [85.8444, 20.176], [85.8373, 20.1916], [85.8254, 20.1591], [85.8061, 20.1611], [85.7967, 20.1521], [85.7793, 20.158], [85.7811, 20.167], [85.7635, 20.1684], [85.7645, 20.1536], [85.7527, 20.1467], [85.7568, 20.1415], [85.7284, 20.1497], [85.7205, 20.1419], [85.724, 20.1301], [85.7146, 20.1366], [85.7195, 20.1429], [85.7014, 20.1441], [85.6906, 20.1583], [85.6806, 20.1438], [85.6836, 20.131], [85.6746, 20.1241], [85.6835, 20.0988], [85.6926, 20.0987], [85.6712, 20.0876], [85.6813, 20.076], [85.6781, 20.0702], [85.6501, 20.0671], [85.6493, 20.097], [85.6318, 20.1026], [85.6438, 20.0819], [85.619, 20.0687], [85.6123, 20.0377], [85.6284, 20.0237], [85.6136, 19.9927], [85.6064, 19.996], [85.6145, 20.0196], [85.5893, 19.9988], [85.5717, 20.0257], [85.5704, 19.9991], [85.566, 20.0036], [85.5619, 19.9956], [85.5686, 19.9819], [85.555, 19.9749], [85.5664, 19.9724], [85.564, 19.9547], [85.5504, 19.9526], [85.5523, 19.9628], [85.5318, 19.9586], [85.5345, 19.9653], [85.5263, 19.9785], [85.499, 19.9463], [85.5187, 19.9412], [85.5075, 19.9274], [85.5204, 19.9306], [85.5273, 19.9439], [85.5339, 19.9388], [85.5308, 19.9276], [85.5682, 19.9168], [85.5609, 19.9092], [85.5698, 19.9038], [85.5619, 19.8545], [85.5, 19.8698], [85.5028, 19.8847], [85.4384, 19.8831], [85.3866, 19.8315], [85.3593, 19.8222], [85.3481, 19.8003], [85.3293, 19.7852], [85.2858, 19.7816], [85.2525, 19.7675], [85.2498, 19.7439], [85.2195, 19.7408], [85.1984, 19.7076], [85.2126, 19.6862], [85.1959, 19.6741], [85.1825, 19.6722], [85.1436, 19.7212], [85.1378, 19.739], [85.0835, 19.7707], [85.0723, 19.7946], [85.045, 19.8059], [85.0042, 19.8046], [84.9984, 19.8166], [84.984, 19.8203], [84.9693, 19.8544], [84.936, 19.8745], [84.9457, 19.8999], [85.0261, 19.9011], [85.1023, 19.9325], [85.123, 19.9336], [85.1652, 19.9037], [85.2107, 19.9123], [85.2432, 19.9061], [85.3046, 19.9269], [85.3278, 19.9258], [85.3603, 19.9565], [85.3828, 19.952], [85.3839, 19.9402], [85.418, 19.9241], [85.4224, 19.9397], [85.4353, 19.9397], [85.455, 19.9705], [85.4371, 19.9964], [85.4147, 19.994], [85.4357, 20.0288], [85.4151, 20.0246], [85.4149, 20.0332], [85.4004, 20.0352], [85.3802, 20.0707], [85.3844, 20.0918], [85.4009, 20.0906], [85.4141, 20.1295], [85.3878, 20.1369], [85.3853, 20.1562], [85.3764, 20.1467], [85.3553, 20.1436], [85.3702, 20.1782], [85.3559, 20.1898], [85.3468, 20.1875], [85.34, 20.171], [85.3306, 20.1817], [85.3135, 20.1705], [85.3121, 20.1549], [85.2717, 20.1489], [85.2489, 20.1306], [85.2466, 20.1184], [85.2314, 20.1192], [85.212, 20.1313], [85.2032, 20.1558], [85.2133, 20.1706], [85.2027, 20.1737], [85.199, 20.1865], [85.2183, 20.2196], [85.2296, 20.2233], [85.2393, 20.209], [85.2546, 20.2134], [85.2567, 20.2269], [85.3226, 20.2297], [85.326, 20.2447], [85.3411, 20.2521], [85.3244, 20.2582], [85.3292, 20.2785], [85.3547, 20.2725], [85.3732, 20.2755], [85.3818, 20.2869], [85.3953, 20.2779], [85.3974, 20.2581], [85.406, 20.2574], [85.4195, 20.2736], [85.4511, 20.2644], [85.4593, 20.2973], [85.5107, 20.2911], [85.5214, 20.2932], [85.5245, 20.3057], [85.5485, 20.3019], [85.5506, 20.313], [85.5644, 20.2997], [85.6235, 20.2925], [85.643, 20.3257], [85.6646, 20.3317], [85.6772, 20.3245], [85.7155, 20.4035], [85.7339, 20.4105], [85.7593, 20.4073], [85.7665, 20.4159], [85.7713, 20.404], [85.7852, 20.4117], [85.7795, 20.4223], [85.7852, 20.4338], [85.7931, 20.4279], [85.8013, 20.4357]]]}}, {"type": "Feature", "properties": {"district_name": "Koraput", "dtcode11": "398"}, "geometry": {"type": "Polygon", "coordinates": [[[82.5775, 19.1979], [82.5881, 19.2025], [82.6053, 19.1814], [82.6151, 19.1825], [82.6152, 19.1593], [82.6265, 19.1512], [82.6238, 19.1606], [82.6333, 19.1622], [82.6396, 19.1492], [82.6369, 19.1755], [82.6538, 19.1887], [82.6686, 19.1841], [82.6795, 19.1973], [82.6857, 19.186], [82.7016, 19.1909], [82.7083, 19.179], [82.7251, 19.1741], [82.7235, 19.1611], [82.7407, 19.1591], [82.7397, 19.1683], [82.7497, 19.1731], [82.7612, 19.1646], [82.7614, 19.1707], [82.7793, 19.1653], [82.7883, 19.1732], [82.792, 19.1552], [82.8032, 19.1514], [82.8175, 19.1703], [82.8154, 19.1558], [82.8228, 19.1477], [82.8231, 19.1723], [82.8357, 19.1823], [82.833, 19.1896], [82.8426, 19.2005], [82.854, 19.1933], [82.8559, 19.2059], [82.863, 19.2075], [82.8776, 19.1834], [82.898, 19.1744], [82.9013, 19.1554], [82.92, 19.1624], [82.955, 19.156], [82.979, 19.1728], [82.9805, 19.1384], [83.0051, 19.1206], [83.0093, 19.0957], [83.0287, 19.0866], [83.0193, 19.0738], [83.0218, 19.0612], [83.0649, 19.0442], [83.0738, 19.0816], [83.0864, 19.087], [83.1006, 19.1112], [83.1068, 19.1138], [83.1204, 19.0897], [83.1295, 19.0933], [83.1357, 19.1364], [83.1478, 19.1356], [83.1504, 19.1247], [83.1616, 19.1219], [83.1753, 19.1452], [83.2013, 19.1483], [83.1983, 19.169], [83.2201, 19.1617], [83.2267, 19.1733], [83.2571, 19.1639], [83.2556, 19.1532], [83.2411, 19.1452], [83.2445, 19.1277], [83.2251, 19.1229], [83.2208, 19.1383], [83.2054, 19.1325], [83.2049, 19.1234], [83.1791, 19.098], [83.1895, 19.0965], [83.1852, 19.0811], [83.1953, 19.0753], [83.1866, 19.0592], [83.1931, 19.0524], [83.1845, 19.0138], [83.1965, 18.9913], [83.185, 18.9609], [83.2009, 18.9603], [83.2199, 18.9836], [83.2368, 18.9896], [83.2344, 19.0265], [83.2604, 19.0386], [83.2682, 19.0547], [83.2594, 19.0676], [83.2796, 19.1236], [83.2904, 19.1149], [83.2984, 19.123], [83.3019, 19.1143], [83.3198, 19.1142], [83.3269, 19.1003], [83.3408, 19.1022], [83.3403, 19.0609], [83.3625, 19.0477], [83.3369, 19.006], [83.3388, 18.997], [83.3106, 18.9987], [83.3187, 18.9734], [83.3348, 18.9685], [83.3325, 18.9577], [83.3389, 18.9533], [83.3254, 18.9331], [83.3352, 18.9249], [83.3484, 18.9263], [83.3438, 18.9411], [83.3502, 18.9433], [83.3503, 18.9657], [83.3666, 18.9634], [83.3713, 18.9427], [83.3874, 18.9326], [83.3706, 18.926], [83.3701, 18.9417], [83.3525, 18.9435], [83.3598, 18.9147], [83.3697, 18.9079], [83.3906, 18.9096], [83.3783, 18.897], [83.3819, 18.8918], [83.4148, 18.875], [83.4049, 18.8619], [83.4059, 18.8425], [83.3783, 18.8307], [83.3682, 18.8441], [83.3282, 18.8181], [83.3306, 18.8063], [83.3093, 18.8095], [83.2843, 18.7979], [83.2753, 18.7829], [83.2814, 18.7746], [83.2714, 18.7646], [83.2246, 18.7751], [83.2282, 18.7569], [83.2126, 18.7305], [83.2065, 18.7514], [83.1932, 18.7531], [83.1779, 18.7709], [83.1565, 18.7682], [83.139, 18.7854], [83.1151, 18.7681], [83.1222, 18.7575], [83.0728, 18.7056], [83.0581, 18.6654], [83.0131, 18.6461], [83.0196, 18.6351], [83.0001, 18.6203], [83.0004, 18.6081], [83.015, 18.6056], [83.0134, 18.5947], [83.0238, 18.5896], [83.0528, 18.6007], [83.0531, 18.5881], [83.0404, 18.5867], [83.03, 18.5733], [83.0454, 18.5442], [83.0622, 18.5422], [83.0809, 18.554], [83.0951, 18.5462], [83.0552, 18.4957], [83.0551, 18.4856], [83.0209, 18.4562], [83.0409, 18.4408], [83.0425, 18.4242], [83.0586, 18.4367], [83.0673, 18.4301], [83.0574, 18.4194], [83.0771, 18.4034], [83.0555, 18.3807], [83.0431, 18.3794], [83.0219, 18.3917], [82.9968, 18.3855], [82.9705, 18.36], [82.9601, 18.3664], [82.9397, 18.3608], [82.9222, 18.3754], [82.9131, 18.3685], [82.8942, 18.3816], [82.895, 18.4241], [82.8705, 18.4185], [82.8564, 18.4254], [82.8524, 18.4192], [82.8456, 18.4338], [82.8156, 18.4509], [82.8031, 18.4492], [82.7822, 18.4308], [82.7869, 18.4107], [82.7995, 18.4067], [82.7939, 18.386], [82.7826, 18.3819], [82.7906, 18.3632], [82.7741, 18.3403], [82.7597, 18.3396], [82.7343, 18.3202], [82.7147, 18.3224], [82.7094, 18.3132], [82.6668, 18.298], [82.6426, 18.302], [82.6522, 18.2804], [82.6422, 18.2642], [82.6525, 18.25], [82.638, 18.2367], [82.5878, 18.2761], [82.5987, 18.3042], [82.5813, 18.3152], [82.5949, 18.3289], [82.6089, 18.3271], [82.602, 18.3523], [82.6145, 18.3509], [82.6208, 18.3604], [82.6065, 18.3655], [82.6053, 18.382], [82.5995, 18.3798], [82.5951, 18.3891], [82.5839, 18.3867], [82.5624, 18.4], [82.5553, 18.3936], [82.5353, 18.4066], [82.5471, 18.4126], [82.5414, 18.422], [82.5616, 18.4479], [82.5424, 18.4576], [82.5396, 18.4436], [82.5283, 18.4642], [82.5194, 18.4656], [82.5342, 18.4777], [82.5265, 18.4963], [82.532, 18.5112], [82.5152, 18.5181], [82.5051, 18.5135], [82.4868, 18.5275], [82.4813, 18.5406], [82.4935, 18.5428], [82.4873, 18.5498], [82.4447, 18.5141], [82.4304, 18.4855], [82.3877, 18.4997], [82.3831, 18.5224], [82.3887, 18.5293], [82.403, 18.5261], [82.4018, 18.5409], [82.4147, 18.563], [82.3862, 18.5835], [82.3851, 18.5914], [82.4086, 18.6022], [82.3968, 18.6217], [82.3902, 18.6257], [82.3749, 18.6165], [82.3632, 18.6233], [82.3293, 18.5985], [82.3127, 18.5756], [82.2884, 18.58], [82.2806, 18.5913], [82.2668, 18.5895], [82.2523, 18.6137], [82.2428, 18.6128], [82.2291, 18.631], [82.235, 18.6431], [82.2224, 18.6717], [82.1878, 18.6506], [82.182, 18.6386], [82.1711, 18.6386], [82.1604, 18.6694], [82.1459, 18.6651], [82.1309, 18.6789], [82.1435, 18.6939], [82.1301, 18.7217], [82.0913, 18.7385], [82.0887, 18.7602], [82.1191, 18.7698], [82.1334, 18.7654], [82.1335, 18.7804], [82.1596, 18.7875], [82.1654, 18.8008], [82.1565, 18.8045], [82.166, 18.8137], [82.1603, 18.8199], [82.169, 18.836], [82.1602, 18.8614], [82.1674, 18.8736], [82.1604, 18.8789], [82.1767, 18.8871], [82.1761, 18.9027], [82.2183, 18.9225], [82.237, 18.9142], [82.2461, 18.9191], [82.2328, 19.0179], [82.2023, 19.0666], [82.2191, 19.0954], [82.2049, 19.0971], [82.2058, 19.1169], [82.2355, 19.122], [82.2257, 19.1357], [82.2298, 19.144], [82.2585, 19.142], [82.2754, 19.1565], [82.2858, 19.1481], [82.3104, 19.1768], [82.3416, 19.168], [82.3527, 19.1843], [82.372, 19.1701], [82.3832, 19.1778], [82.4009, 19.1651], [82.4104, 19.1688], [82.4117, 19.1855], [82.4403, 19.1711], [82.4603, 19.1846], [82.4721, 19.1771], [82.4889, 19.1805], [82.5181, 19.2026], [82.5497, 19.1947], [82.5476, 19.2056], [82.5676, 19.1979], [82.5744, 19.2113], [82.5775, 19.1979]]]}}, {"type": "Feature", "properties": {"district_name": "Malkangiri", "dtcode11": "399"}, "geometry": {"type": "Polygon", "coordinates": [[[82.0913, 18.7385], [82.1301, 18.7217], [82.1435, 18.6939], [82.1309, 18.6789], [82.1459, 18.6651], [82.1604, 18.6694], [82.1725, 18.6379], [82.2224, 18.6717], [82.235, 18.6431], [82.2291, 18.6322], [82.2337, 18.6236], [82.2438, 18.6121], [82.2523, 18.6137], [82.2656, 18.5904], [82.2806, 18.5913], [82.2913, 18.5786], [82.3127, 18.5756], [82.3293, 18.5985], [82.3638, 18.6236], [82.3749, 18.6165], [82.3917, 18.6258], [82.4086, 18.6022], [82.3851, 18.5914], [82.4147, 18.563], [82.4018, 18.5409], [82.403, 18.5261], [82.3887, 18.5293], [82.3831, 18.5224], [82.3894, 18.5106], [82.3849, 18.5026], [82.4304, 18.4855], [82.3642, 18.4215], [82.3796, 18.4038], [82.3855, 18.3675], [82.349, 18.3304], [82.3381, 18.328], [82.3559, 18.3159], [82.3751, 18.3287], [82.389, 18.3285], [82.3923, 18.2979], [82.3765, 18.2807], [82.3447, 18.2805], [82.3334, 18.2529], [82.3365, 18.2408], [82.3245, 18.232], [82.3371, 18.2243], [82.3108, 18.2041], [82.3155, 18.184], [82.3534, 18.1717], [82.3723, 18.1482], [82.3632, 18.1348], [82.3397, 18.1498], [82.3358, 18.1059], [82.347, 18.0982], [82.3518, 18.0769], [82.3439, 18.058], [82.3341, 18.0513], [82.3223, 18.0599], [82.3204, 18.045], [82.3082, 18.0449], [82.3101, 18.0542], [82.2987, 18.0553], [82.3044, 18.0681], [82.2825, 18.064], [82.2616, 18.0419], [82.2734, 18.0224], [82.2688, 18.0009], [82.2507, 17.9977], [82.2222, 18.0017], [82.2053, 18.0184], [82.1786, 18.0204], [82.1843, 18.0288], [82.1688, 18.052], [82.1466, 18.0523], [82.1372, 18.0439], [82.1345, 18.0594], [82.102, 18.0602], [82.0766, 18.0752], [82.0616, 18.0555], [82.0404, 18.0573], [82.0323, 18.0693], [82.0074, 18.0563], [82.0093, 18.0301], [81.9943, 18.0273], [81.963, 17.9993], [81.9199, 17.9912], [81.9052, 17.9773], [81.8665, 17.9633], [81.8099, 17.951], [81.7901, 17.9208], [81.7258, 17.879], [81.7092, 17.872], [81.6985, 17.9014], [81.6861, 17.8853], [81.6697, 17.8866], [81.6422, 17.8419], [81.6223, 17.8334], [81.6172, 17.8223], [81.5743, 17.8372], [81.5637, 17.8257], [81.49, 17.8127], [81.4739, 17.838], [81.4444, 17.825], [81.4341, 17.8319], [81.4156, 17.8134], [81.4011, 17.821], [81.3918, 17.8154], [81.3891, 17.8299], [81.4038, 17.853], [81.3942, 17.8701], [81.4002, 17.8936], [81.4126, 17.8946], [81.4353, 17.8808], [81.4467, 17.8879], [81.4534, 17.914], [81.4491, 17.9319], [81.483, 17.9768], [81.4804, 18.0507], [81.5129, 18.0987], [81.5138, 18.1405], [81.5258, 18.1534], [81.507, 18.1859], [81.5303, 18.2399], [81.5252, 18.2577], [81.5353, 18.2684], [81.5643, 18.2752], [81.5976, 18.3089], [81.6165, 18.3073], [81.6622, 18.3212], [81.6498, 18.3355], [81.6591, 18.3466], [81.7501, 18.3528], [81.7689, 18.4171], [81.8562, 18.4914], [81.8682, 18.5249], [81.8797, 18.5252], [81.8893, 18.5382], [81.909, 18.5381], [81.9014, 18.5486], [81.9117, 18.5712], [81.9506, 18.57], [81.963, 18.5948], [81.9422, 18.6017], [81.9217, 18.6229], [81.8946, 18.6295], [81.8938, 18.6575], [81.9009, 18.6614], [81.9217, 18.6429], [81.9489, 18.6437], [81.9551, 18.6642], [81.9691, 18.6734], [81.9608, 18.6886], [81.9701, 18.6981], [82.0309, 18.7238], [82.0628, 18.719], [82.0674, 18.7265], [82.085, 18.7186], [82.0913, 18.7385]]]}}, {"type": "Feature", "properties": {"district_name": "Mayurbhanj", "dtcode11": "376"}, "geometry": {"type": "Polygon", "coordinates": [[[86.0454, 22.5675], [86.0755, 22.5441], [86.1166, 22.487], [86.2079, 22.4735], [86.2226, 22.4673], [86.2174, 22.4626], [86.2247, 22.4525], [86.2688, 22.4421], [86.2813, 22.4487], [86.3209, 22.3973], [86.3212, 22.3854], [86.3496, 22.3649], [86.3581, 22.3492], [86.4268, 22.3176], [86.4309, 22.3072], [86.4436, 22.3089], [86.4448, 22.3287], [86.4619, 22.3261], [86.4873, 22.3477], [86.4969, 22.3472], [86.5078, 22.3282], [86.5271, 22.3235], [86.5232, 22.3147], [86.5328, 22.301], [86.5402, 22.3082], [86.5538, 22.2985], [86.5769, 22.2956], [86.582, 22.3017], [86.5929, 22.2787], [86.6107, 22.2833], [86.6273, 22.2695], [86.6441, 22.2687], [86.6548, 22.2359], [86.6696, 22.2425], [86.6843, 22.2224], [86.725, 22.218], [86.7164, 22.1863], [86.7197, 22.1473], [86.7938, 22.1575], [86.802, 22.1507], [86.7994, 22.1304], [86.81, 22.1274], [86.8064, 22.1197], [86.8246, 22.1189], [86.8337, 22.0987], [86.8436, 22.0963], [86.8502, 22.1038], [86.9647, 22.0857], [86.9931, 22.0552], [87.0267, 22.0371], [87.0223, 22.0195], [87.0304, 21.9853], [86.9997, 21.9132], [87.0229, 21.8923], [87.0262, 21.8758], [87.0461, 21.8675], [87.0978, 21.8669], [87.1183, 21.855], [87.122, 21.8422], [87.1764, 21.8135], [87.1835, 21.7927], [87.1734, 21.8126], [87.1711, 21.789], [87.1618, 21.789], [87.1587, 21.7712], [87.1299, 21.7789], [87.1219, 21.772], [87.1217, 21.7832], [87.1124, 21.7856], [87.117, 21.7893], [87.1038, 21.784], [87.1022, 21.7717], [87.1221, 21.7537], [87.095, 21.7475], [87.096, 21.733], [87.0834, 21.7384], [87.0937, 21.7321], [87.0876, 21.7157], [87.0813, 21.721], [87.069, 21.707], [87.0447, 21.7161], [87.0461, 21.7407], [87.0258, 21.743], [87.0308, 21.7221], [87.0374, 21.7221], [87.0365, 21.6973], [87.0518, 21.6822], [87.0324, 21.6736], [87.0305, 21.661], [87.0237, 21.663], [87.0252, 21.6727], [87.0111, 21.6775], [86.9889, 21.6717], [86.9888, 21.6534], [87.0118, 21.6488], [87.005, 21.6273], [86.9976, 21.6227], [86.9928, 21.6361], [86.9869, 21.6288], [87.0073, 21.6005], [86.9744, 21.5849], [86.9633, 21.5882], [86.9603, 21.5807], [86.9627, 21.5935], [86.9554, 21.5962], [86.9573, 21.5734], [86.9203, 21.5914], [86.9101, 21.5809], [86.9121, 21.5923], [86.9022, 21.593], [86.9067, 21.5996], [86.8997, 21.6125], [86.8888, 21.6138], [86.8749, 21.6384], [86.8733, 21.6224], [86.886, 21.6125], [86.8791, 21.6131], [86.864, 21.5902], [86.8544, 21.6037], [86.8446, 21.5992], [86.8304, 21.6089], [86.7991, 21.6076], [86.7948, 21.5972], [86.7401, 21.6056], [86.6935, 21.5846], [86.6829, 21.5967], [86.6641, 21.5777], [86.6493, 21.5796], [86.6378, 21.5337], [86.6259, 21.5339], [86.6114, 21.5184], [86.5825, 21.5227], [86.5319, 21.426], [86.4807, 21.3772], [86.4357, 21.353], [86.4341, 21.3412], [86.4046, 21.3202], [86.358, 21.2993], [86.3543, 21.3214], [86.2953, 21.3567], [86.2826, 21.377], [86.2658, 21.3802], [86.2651, 21.3626], [86.2243, 21.324], [86.2064, 21.2813], [86.185, 21.2725], [86.1559, 21.2921], [86.1429, 21.279], [86.1352, 21.2818], [86.1352, 21.2658], [86.1137, 21.2739], [86.106, 21.3045], [86.089, 21.3126], [86.1046, 21.3265], [86.1044, 21.3509], [86.1247, 21.3606], [86.1198, 21.3713], [86.135, 21.3995], [86.1613, 21.4234], [86.1264, 21.4736], [86.0063, 21.5339], [86.0187, 21.5516], [86.0157, 21.5613], [86.046, 21.5773], [86.0503, 21.5948], [86.0684, 21.6086], [86.0791, 21.6305], [86.0721, 21.6642], [86.0821, 21.6919], [86.0575, 21.6937], [86.0499, 21.7179], [86.0352, 21.693], [86.0241, 21.696], [86.0276, 21.7248], [86.0127, 21.7517], [85.9655, 21.7398], [85.9363, 21.7636], [85.9174, 21.7603], [85.9092, 21.7708], [85.9002, 21.7673], [85.8732, 21.7959], [85.8384, 21.8108], [85.8253, 21.8033], [85.8094, 21.8115], [85.8092, 21.8514], [85.8002, 21.8767], [85.8049, 21.8883], [85.7878, 21.9037], [85.7938, 21.9513], [85.7648, 21.974], [85.7467, 21.9772], [85.7376, 21.9929], [85.7054, 21.9851], [85.6971, 21.9926], [85.7021, 22.0052], [85.6691, 22.015], [85.6622, 22.0334], [85.6773, 22.057], [85.7092, 22.0582], [85.7494, 22.0736], [85.8074, 22.1161], [85.821, 22.1065], [85.8133, 22.0943], [85.8321, 22.0934], [85.8359, 22.0802], [85.8161, 22.0736], [85.7934, 22.0818], [85.7749, 22.0563], [85.7838, 22.0402], [85.7603, 22.0135], [85.763, 21.9961], [85.7828, 21.9849], [85.817, 21.9858], [85.8244, 21.9754], [85.8958, 21.9844], [85.9059, 21.9704], [85.9111, 21.9731], [85.9065, 21.9768], [85.9162, 22.0088], [85.9309, 22.0233], [85.9436, 22.0204], [86.0074, 22.1171], [85.9968, 22.1324], [86.0314, 22.1909], [85.9739, 22.2471], [85.9897, 22.2544], [85.9883, 22.267], [86.0143, 22.2973], [86.0472, 22.309], [86.0137, 22.3131], [86.0119, 22.3223], [86.0267, 22.3349], [85.9981, 22.3418], [86.0218, 22.3648], [86.0272, 22.3862], [86.0151, 22.4286], [85.9846, 22.4354], [85.9656, 22.4512], [85.9679, 22.4612], [85.9571, 22.4648], [85.9734, 22.5059], [85.9851, 22.5155], [86.0265, 22.524], [86.0339, 22.5337], [86.024, 22.5446], [86.0454, 22.5675]]]}}, {"type": "Feature", "properties": {"district_name": "Nabarangpur", "dtcode11": "397"}, "geometry": {"type": "Polygon", "coordinates": [[[81.9528, 20.1018], [81.9953, 20.0536], [82.0177, 20.049], [82.0215, 20.0237], [82.0325, 20.0157], [82.038, 20.0301], [82.0705, 20.0569], [82.0854, 20.0507], [82.0889, 20.0394], [82.1023, 20.04], [82.1069, 20.0273], [82.1273, 20.0145], [82.1398, 20.0187], [82.1714, 20.0054], [82.1843, 19.9842], [82.2101, 19.9863], [82.2167, 19.9971], [82.2371, 20.0033], [82.2692, 19.9753], [82.3031, 19.8894], [82.3442, 19.835], [82.3645, 19.851], [82.3608, 19.8628], [82.3752, 19.8596], [82.3949, 19.888], [82.418, 19.9041], [82.446, 19.9102], [82.4642, 19.9008], [82.4732, 19.9071], [82.4973, 19.9041], [82.5055, 19.8899], [82.5191, 19.891], [82.5314, 19.8782], [82.5349, 19.8869], [82.5484, 19.8757], [82.556, 19.8807], [82.6034, 19.867], [82.5758, 19.8334], [82.576, 19.8082], [82.5847, 19.8024], [82.5818, 19.7832], [82.5949, 19.7753], [82.6022, 19.747], [82.5675, 19.7352], [82.5624, 19.7266], [82.5731, 19.7139], [82.5673, 19.6845], [82.5769, 19.6808], [82.5557, 19.6452], [82.5245, 19.6322], [82.5474, 19.6121], [82.5293, 19.5849], [82.5357, 19.5781], [82.5582, 19.5821], [82.5679, 19.5662], [82.5662, 19.5446], [82.6161, 19.5388], [82.607, 19.5208], [82.6465, 19.5078], [82.6332, 19.4818], [82.649, 19.4775], [82.6496, 19.4595], [82.6602, 19.4571], [82.6739, 19.4341], [82.6825, 19.4374], [82.6896, 19.4201], [82.7083, 19.4192], [82.7155, 19.4043], [82.7061, 19.4002], [82.7085, 19.3786], [82.717, 19.3698], [82.7125, 19.3606], [82.725, 19.3542], [82.7257, 19.345], [82.7414, 19.3495], [82.7568, 19.3268], [82.773, 19.3318], [82.772, 19.3403], [82.7797, 19.3431], [82.8225, 19.3222], [82.848, 19.3241], [82.8438, 19.3172], [82.853, 19.3078], [82.8413, 19.308], [82.8437, 19.3012], [82.826, 19.2824], [82.8246, 19.2562], [82.8168, 19.2566], [82.7987, 19.2362], [82.8138, 19.2308], [82.8239, 19.2393], [82.8362, 19.2364], [82.8466, 19.2242], [82.8458, 19.2117], [82.8564, 19.2056], [82.854, 19.1933], [82.8426, 19.2005], [82.833, 19.1896], [82.8357, 19.1823], [82.8231, 19.1723], [82.8228, 19.1477], [82.8154, 19.1558], [82.8175, 19.1703], [82.8032, 19.1514], [82.792, 19.1552], [82.7883, 19.1732], [82.7793, 19.1653], [82.7614, 19.1707], [82.7612, 19.1646], [82.7497, 19.1731], [82.7397, 19.1683], [82.7407, 19.1591], [82.7235, 19.1611], [82.7251, 19.1741], [82.7083, 19.179], [82.7016, 19.1909], [82.6857, 19.186], [82.6795, 19.1973], [82.6686, 19.1841], [82.6538, 19.1887], [82.6373, 19.1759], [82.642, 19.1532], [82.6374, 19.1494], [82.6341, 19.1616], [82.6262, 19.1623], [82.6253, 19.1511], [82.6152, 19.1593], [82.6159, 19.1817], [82.6053, 19.1814], [82.5881, 19.2025], [82.5797, 19.1949], [82.5727, 19.2113], [82.5676, 19.1979], [82.5488, 19.2061], [82.5497, 19.1947], [82.5181, 19.2026], [82.4889, 19.1805], [82.4721, 19.1771], [82.4603, 19.1846], [82.4403, 19.1711], [82.4117, 19.1855], [82.4104, 19.1688], [82.402, 19.1652], [82.3832, 19.1778], [82.372, 19.1701], [82.3535, 19.1842], [82.3416, 19.168], [82.3104, 19.1768], [82.2858, 19.1481], [82.2754, 19.1565], [82.2585, 19.142], [82.2298, 19.144], [82.2257, 19.1357], [82.2355, 19.122], [82.22, 19.1144], [82.1825, 19.1317], [82.1769, 19.1186], [82.1703, 19.1204], [82.1662, 19.1351], [82.1757, 19.1387], [82.17, 19.1464], [82.1809, 19.1508], [82.1699, 19.1606], [82.1782, 19.1559], [82.1861, 19.1663], [82.176, 19.1721], [82.182, 19.1742], [82.1751, 19.1818], [82.1805, 19.1917], [82.1617, 19.2022], [82.1688, 19.2129], [82.1578, 19.2275], [82.1584, 19.2652], [82.1812, 19.3234], [82.1941, 19.3263], [82.1787, 19.3434], [82.1488, 19.353], [82.1472, 19.3655], [82.1533, 19.377], [82.1719, 19.3726], [82.1791, 19.3794], [82.1894, 19.4275], [82.1715, 19.4372], [82.1261, 19.4291], [82.1134, 19.4604], [82.1028, 19.4661], [82.108, 19.4943], [82.098, 19.4989], [82.1003, 19.5166], [82.076, 19.5236], [82.0661, 19.5108], [82.029, 19.508], [82.0506, 19.5487], [82.0399, 19.5979], [82.059, 19.629], [82.0447, 19.7082], [82.0504, 19.7458], [82.0636, 19.759], [82.0655, 19.7907], [82.0099, 19.8042], [81.9954, 19.7968], [81.9859, 19.8011], [81.9654, 19.8369], [81.9681, 19.8599], [81.8697, 19.9025], [81.8522, 19.9216], [81.8568, 19.9475], [81.845, 19.9519], [81.876, 20.052], [81.8819, 20.0443], [81.8953, 20.0482], [81.9373, 20.1025], [81.9528, 20.1018]]]}}, {"type": "Feature", "properties": {"district_name": "Nayagarh", "dtcode11": "385"}, "geometry": {"type": "Polygon", "coordinates": [[[84.7901, 20.5813], [84.8818, 20.4989], [84.9492, 20.4886], [85.0496, 20.4293], [85.1135, 20.4079], [85.1584, 20.3785], [85.1967, 20.3809], [85.2716, 20.3596], [85.3341, 20.3582], [85.3667, 20.3672], [85.3727, 20.3519], [85.3504, 20.3351], [85.3545, 20.302], [85.3284, 20.2763], [85.3244, 20.2582], [85.3407, 20.2548], [85.3383, 20.2464], [85.326, 20.2447], [85.3226, 20.2297], [85.2554, 20.2265], [85.2546, 20.2134], [85.2448, 20.2098], [85.2321, 20.213], [85.2252, 20.2245], [85.1998, 20.19], [85.2027, 20.1737], [85.2133, 20.1706], [85.2032, 20.1558], [85.212, 20.1313], [85.241, 20.1159], [85.2717, 20.1489], [85.3121, 20.1549], [85.3129, 20.1696], [85.3275, 20.1799], [85.34, 20.171], [85.3468, 20.1875], [85.3616, 20.1875], [85.3697, 20.1708], [85.3553, 20.1436], [85.3764, 20.1467], [85.3853, 20.1562], [85.3878, 20.1369], [85.407, 20.1359], [85.4158, 20.1267], [85.4009, 20.0906], [85.3844, 20.0918], [85.3802, 20.0707], [85.4004, 20.0352], [85.4149, 20.0332], [85.4151, 20.0246], [85.4357, 20.0288], [85.4147, 19.994], [85.4371, 19.9964], [85.4502, 19.9839], [85.455, 19.9705], [85.4353, 19.9397], [85.4224, 19.9397], [85.418, 19.9241], [85.3839, 19.9402], [85.3828, 19.952], [85.3603, 19.9565], [85.3278, 19.9258], [85.3046, 19.9269], [85.2479, 19.9067], [85.2107, 19.9123], [85.1647, 19.9038], [85.123, 19.9336], [85.0508, 19.9157], [85.0261, 19.9011], [84.9756, 19.9043], [84.9399, 19.8974], [84.9278, 19.9081], [84.906, 19.9095], [84.9207, 19.9433], [84.9008, 19.9929], [84.8624, 20.0001], [84.8567, 20.0307], [84.8107, 20.0678], [84.7982, 20.091], [84.8073, 20.1154], [84.8219, 20.1205], [84.8316, 20.2164], [84.7822, 20.2322], [84.7657, 20.2459], [84.7356, 20.2441], [84.7281, 20.2587], [84.6962, 20.2811], [84.6724, 20.2741], [84.6474, 20.2013], [84.5972, 20.1759], [84.5851, 20.1865], [84.5422, 20.2507], [84.5439, 20.2756], [84.5521, 20.284], [84.5428, 20.3233], [84.5211, 20.3256], [84.5146, 20.3191], [84.5115, 20.3378], [84.4933, 20.3336], [84.4832, 20.3478], [84.5183, 20.3695], [84.5137, 20.4027], [84.5396, 20.4101], [84.5423, 20.4187], [84.5636, 20.4113], [84.591, 20.424], [84.604, 20.4201], [84.6181, 20.4342], [84.646, 20.4236], [84.6807, 20.4328], [84.6912, 20.4504], [84.6805, 20.4601], [84.6922, 20.4694], [84.6967, 20.4977], [84.7112, 20.5066], [84.7125, 20.5238], [84.7398, 20.5409], [84.766, 20.5318], [84.7866, 20.5508], [84.7901, 20.5813]]]}}, {"type": "Feature", "properties": {"district_name": "Nuapada", "dtcode11": "394"}, "geometry": {"type": "Polygon", "coordinates": [[[82.6372, 21.0903], [82.6692, 21.0651], [82.6797, 21.0345], [82.6924, 21.0217], [82.6872, 20.9733], [82.6986, 20.9376], [82.6925, 20.9], [82.6809, 20.8854], [82.6831, 20.8138], [82.6977, 20.7614], [82.6854, 20.733], [82.6999, 20.7297], [82.6937, 20.6836], [82.7189, 20.6782], [82.7311, 20.6542], [82.7271, 20.6394], [82.742, 20.6309], [82.7285, 20.5852], [82.7102, 20.5705], [82.7052, 20.5043], [82.6872, 20.4761], [82.6845, 20.4533], [82.6963, 20.4504], [82.6963, 20.4262], [82.7299, 20.3832], [82.7148, 20.3678], [82.715, 20.3568], [82.7482, 20.3622], [82.7716, 20.3542], [82.8035, 20.3854], [82.815, 20.381], [82.8126, 20.363], [82.7902, 20.3471], [82.7884, 20.3242], [82.8115, 20.3272], [82.8066, 20.3404], [82.8141, 20.3585], [82.8345, 20.3361], [82.8513, 20.3391], [82.8459, 20.2911], [82.8357, 20.2961], [82.8415, 20.3026], [82.8333, 20.3069], [82.8339, 20.3217], [82.8159, 20.3176], [82.8191, 20.3072], [82.8104, 20.2956], [82.8212, 20.2811], [82.8402, 20.2821], [82.8453, 20.2904], [82.8559, 20.2802], [82.8584, 20.2556], [82.8509, 20.243], [82.8609, 20.2314], [82.8454, 20.1938], [82.8119, 20.1846], [82.8107, 20.1715], [82.8229, 20.1652], [82.8161, 20.1285], [82.8205, 20.1128], [82.8136, 20.1016], [82.7883, 20.1034], [82.7554, 20.0554], [82.7397, 20.0526], [82.7481, 20.0416], [82.7449, 20.0246], [82.7284, 20.0236], [82.7154, 19.9959], [82.6415, 20.0067], [82.605, 19.9901], [82.5501, 20.0178], [82.5091, 20.0182], [82.4786, 20.0382], [82.3983, 20.0582], [82.3977, 20.1238], [82.3859, 20.147], [82.4208, 20.2058], [82.4225, 20.2208], [82.4106, 20.2426], [82.4223, 20.248], [82.4119, 20.2659], [82.4378, 20.2936], [82.4308, 20.314], [82.4004, 20.3416], [82.4212, 20.3928], [82.4166, 20.4077], [82.432, 20.4166], [82.4297, 20.4279], [82.4379, 20.4344], [82.434, 20.4457], [82.4257, 20.4453], [82.4271, 20.4691], [82.4176, 20.4817], [82.4079, 20.4629], [82.396, 20.4597], [82.3897, 20.5176], [82.3576, 20.5293], [82.3322, 20.5619], [82.3504, 20.5807], [82.3471, 20.6025], [82.3623, 20.6099], [82.3765, 20.6324], [82.3685, 20.6496], [82.3738, 20.6674], [82.355, 20.6932], [82.354, 20.7197], [82.3456, 20.7316], [82.3536, 20.7359], [82.3417, 20.7678], [82.3461, 20.7979], [82.3395, 20.8468], [82.3512, 20.8897], [82.3638, 20.8885], [82.3632, 20.8713], [82.4053, 20.8702], [82.4196, 20.8318], [82.4393, 20.8356], [82.4645, 20.829], [82.4654, 20.843], [82.4867, 20.8616], [82.4877, 20.908], [82.5591, 20.9479], [82.5714, 20.9723], [82.6288, 21.038], [82.612, 21.0747], [82.6296, 21.0788], [82.6372, 21.0903]]]}}, {"type": "Feature", "properties": {"district_name": "Puri", "dtcode11": "387"}, "geometry": {"type": "Polygon", "coordinates": [[[85.8546, 20.2014], [85.8872, 20.1835], [85.8937, 20.1599], [85.9037, 20.1518], [85.8737, 20.1261], [85.8799, 20.1129], [85.8971, 20.1119], [85.9024, 20.1273], [85.9248, 20.1129], [85.9437, 20.1146], [85.9458, 20.1211], [85.9527, 20.1127], [85.9598, 20.1217], [85.999, 20.107], [86.0101, 20.1128], [86.0214, 20.1012], [86.029, 20.1077], [86.0563, 20.1027], [86.0693, 20.1085], [86.0898, 20.0906], [86.0759, 20.0834], [86.0869, 20.0583], [86.1073, 20.0666], [86.1221, 20.0613], [86.1273, 20.057], [86.1166, 20.0474], [86.1235, 20.0391], [86.1685, 20.0409], [86.1724, 20.0494], [86.2004, 20.0524], [86.2054, 20.0384], [86.2114, 20.0429], [86.2211, 20.0354], [86.2302, 20.043], [86.2428, 20.0365], [86.2537, 20.0533], [86.2781, 20.0547], [86.2695, 20.0418], [86.3228, 20.0185], [86.3478, 19.9753], [86.3736, 19.9764], [86.3822, 19.9594], [86.4113, 19.9739], [86.3876, 19.9543], [86.3093, 19.9412], [86.1938, 19.8888], [85.8619, 19.8051], [85.678, 19.7439], [85.3467, 19.5846], [85.1731, 19.4668], [85.1354, 19.5215], [85.173, 19.5593], [85.1824, 19.6721], [85.2122, 19.6851], [85.2112, 19.6963], [85.1984, 19.7076], [85.2173, 19.7387], [85.2498, 19.7439], [85.2525, 19.7675], [85.2858, 19.7816], [85.3293, 19.7852], [85.3481, 19.8003], [85.3593, 19.8222], [85.3866, 19.8315], [85.4384, 19.8831], [85.5028, 19.8847], [85.5, 19.8698], [85.5619, 19.8545], [85.5698, 19.9038], [85.5609, 19.9092], [85.5682, 19.9168], [85.5308, 19.9276], [85.5339, 19.9388], [85.5273, 19.9439], [85.5204, 19.9306], [85.5073, 19.9275], [85.5187, 19.9412], [85.499, 19.9463], [85.5109, 19.9529], [85.517, 19.9741], [85.5306, 19.977], [85.5318, 19.9586], [85.5523, 19.9628], [85.5504, 19.9526], [85.562, 19.9527], [85.5664, 19.9724], [85.555, 19.9749], [85.5686, 19.9819], [85.5619, 19.9956], [85.566, 20.0036], [85.5704, 19.9991], [85.5717, 20.0257], [85.5893, 19.9988], [85.6145, 20.0196], [85.6064, 19.996], [85.6136, 19.9927], [85.6284, 20.0237], [85.6123, 20.0377], [85.619, 20.0687], [85.6438, 20.0819], [85.6318, 20.1026], [85.6493, 20.097], [85.6501, 20.0671], [85.6781, 20.0702], [85.6813, 20.076], [85.6712, 20.0876], [85.6872, 20.0927], [85.692, 20.0955], [85.6926, 20.0987], [85.6835, 20.0988], [85.6746, 20.1241], [85.6836, 20.131], [85.6806, 20.1438], [85.6906, 20.1583], [85.7014, 20.1441], [85.7195, 20.1429], [85.7146, 20.1366], [85.724, 20.1301], [85.7205, 20.1419], [85.7284, 20.1497], [85.7568, 20.1415], [85.7527, 20.1467], [85.7645, 20.1536], [85.7635, 20.1684], [85.7811, 20.167], [85.7793, 20.158], [85.7967, 20.1521], [85.8061, 20.1611], [85.8254, 20.1591], [85.8373, 20.1916], [85.8444, 20.176], [85.8541, 20.1764], [85.8548, 20.1922], [85.8374, 20.1949], [85.8546, 20.2014]]]}}, {"type": "Feature", "properties": {"district_name": "Rayagada", "dtcode11": "396"}, "geometry": {"type": "Polygon", "coordinates": [[[83.4462, 19.9733], [83.5337, 19.9476], [83.5599, 19.9299], [83.5536, 19.9103], [83.5267, 19.8777], [83.5276, 19.8556], [83.5347, 19.858], [83.5437, 19.8428], [83.5853, 19.8232], [83.5998, 19.8345], [83.6069, 19.8161], [83.619, 19.8145], [83.6211, 19.7756], [83.6078, 19.7506], [83.6255, 19.7448], [83.6321, 19.7309], [83.6436, 19.6968], [83.6345, 19.6714], [83.6477, 19.658], [83.695, 19.6911], [83.7225, 19.6719], [83.7289, 19.6548], [83.7425, 19.6555], [83.763, 19.6768], [83.7664, 19.7162], [83.7914, 19.711], [83.814, 19.721], [83.8324, 19.7069], [83.845, 19.7094], [83.8538, 19.6857], [83.8729, 19.6717], [83.9055, 19.6717], [83.9166, 19.681], [83.9358, 19.6714], [83.9238, 19.6636], [83.934, 19.6583], [83.9401, 19.6353], [83.925, 19.6272], [83.9345, 19.5944], [83.932, 19.5719], [83.9425, 19.5493], [83.9704, 19.5422], [83.9782, 19.5311], [83.9591, 19.5079], [83.9767, 19.4861], [83.9634, 19.4484], [83.9418, 19.4198], [83.9472, 19.3968], [83.9626, 19.396], [83.9775, 19.3836], [83.987, 19.4024], [83.9898, 19.389], [84.0154, 19.3772], [84.0288, 19.3475], [84.0143, 19.3065], [84.0201, 19.2908], [84.0112, 19.2715], [84.0031, 19.2697], [83.9885, 19.2211], [83.9797, 19.213], [83.9975, 19.1934], [83.988, 19.1866], [83.9888, 19.157], [84.0099, 19.1432], [84.0259, 19.1429], [84.0338, 19.132], [84.0156, 19.1181], [84.0135, 19.0999], [84.0318, 19.0586], [84.0091, 19.0573], [84.0034, 19.0699], [83.9842, 19.0718], [83.9647, 19.063], [83.9632, 19.0431], [83.9856, 19.0223], [83.9602, 18.9992], [83.9503, 18.9976], [83.9284, 19.0151], [83.9079, 19.0199], [83.8937, 18.9962], [83.8654, 18.9894], [83.8444, 19.0107], [83.8322, 19.0047], [83.816, 19.0324], [83.7995, 19.0287], [83.7947, 19.018], [83.7777, 19.0174], [83.782, 19.0084], [83.7516, 18.9987], [83.7449, 18.9865], [83.759, 18.9506], [83.7696, 18.9548], [83.7845, 18.9336], [83.7879, 18.9159], [83.7802, 18.9118], [83.7694, 18.9143], [83.7632, 18.9273], [83.7539, 18.9251], [83.733, 18.9877], [83.7142, 18.993], [83.7095, 19.0026], [83.73, 19.022], [83.7001, 19.0255], [83.6853, 19.0585], [83.661, 19.0811], [83.6628, 19.099], [83.647, 19.1184], [83.655, 19.1296], [83.6369, 19.1316], [83.6317, 19.1408], [83.6373, 19.1535], [83.626, 19.1627], [83.621, 19.1419], [83.5991, 19.1302], [83.6106, 19.0961], [83.5856, 19.0866], [83.5845, 19.0576], [83.5633, 19.058], [83.567, 19.0719], [83.5602, 19.0871], [83.549, 19.0805], [83.5576, 19.0562], [83.5417, 19.0415], [83.5367, 19.0095], [83.5009, 19.0207], [83.4965, 19.0355], [83.5148, 19.0285], [83.5193, 19.0391], [83.5117, 19.0703], [83.5006, 19.0606], [83.4808, 19.0785], [83.4834, 19.0923], [83.468, 19.0931], [83.4784, 19.0793], [83.4663, 19.0799], [83.4623, 19.0638], [83.4692, 19.0611], [83.4707, 19.0429], [83.4833, 19.0339], [83.4825, 19.015], [83.4777, 19.0074], [83.45, 19.0095], [83.4553, 18.9913], [83.4678, 18.9911], [83.4698, 18.9693], [83.4618, 18.9548], [83.4459, 18.9578], [83.4389, 18.9764], [83.4153, 18.9892], [83.4199, 18.9998], [83.4144, 19.0036], [83.3963, 19.0097], [83.372, 19.0024], [83.3675, 19.0165], [83.348, 19.0169], [83.3625, 19.0477], [83.3403, 19.0609], [83.3408, 19.1022], [83.3269, 19.1003], [83.3198, 19.1142], [83.3019, 19.1143], [83.2984, 19.123], [83.2853, 19.1158], [83.2832, 19.1263], [83.2594, 19.0676], [83.2685, 19.0556], [83.2607, 19.0389], [83.2344, 19.0265], [83.2368, 18.9896], [83.2199, 18.9836], [83.2009, 18.9603], [83.185, 18.9609], [83.1965, 18.9913], [83.1845, 19.0138], [83.1931, 19.0524], [83.1866, 19.0592], [83.1953, 19.0753], [83.1852, 19.0811], [83.1895, 19.0965], [83.1791, 19.098], [83.2049, 19.1234], [83.2054, 19.1325], [83.2208, 19.1383], [83.2251, 19.1229], [83.2445, 19.1277], [83.2411, 19.1452], [83.2556, 19.1532], [83.2571, 19.1639], [83.2267, 19.1733], [83.2201, 19.1617], [83.1983, 19.169], [83.2013, 19.1483], [83.1753, 19.1452], [83.1616, 19.1219], [83.1504, 19.1247], [83.1478, 19.1356], [83.1357, 19.1364], [83.1295, 19.0933], [83.1204, 19.0897], [83.1068, 19.1138], [83.1006, 19.1112], [83.0864, 19.087], [83.0738, 19.0816], [83.0649, 19.0442], [83.0218, 19.0612], [83.0193, 19.0738], [83.0287, 19.0866], [83.0093, 19.0957], [83.0051, 19.1206], [82.9805, 19.1384], [82.9807, 19.1718], [82.955, 19.156], [82.92, 19.1624], [82.9013, 19.1554], [82.898, 19.1744], [82.8699, 19.1944], [82.892, 19.2053], [82.8941, 19.2116], [82.8842, 19.2181], [82.8948, 19.2172], [82.9183, 19.2386], [82.9026, 19.264], [82.9017, 19.2833], [82.9116, 19.2959], [82.9379, 19.3068], [82.9384, 19.3233], [82.9536, 19.3465], [82.9452, 19.3638], [82.9557, 19.3925], [82.9382, 19.4033], [82.9361, 19.4252], [82.9214, 19.4393], [82.9349, 19.4517], [82.9783, 19.4494], [82.9938, 19.4638], [82.9992, 19.4978], [83.0254, 19.5082], [83.0365, 19.5504], [83.0704, 19.5617], [83.088, 19.5372], [83.108, 19.5383], [83.1026, 19.5244], [83.1142, 19.5146], [83.1072, 19.5087], [83.1224, 19.4978], [83.1354, 19.5079], [83.1533, 19.4908], [83.1594, 19.4814], [83.1484, 19.4669], [83.1693, 19.4271], [83.1824, 19.4218], [83.1865, 19.4641], [83.201, 19.4545], [83.2018, 19.4392], [83.2162, 19.4307], [83.2192, 19.4431], [83.2011, 19.4601], [83.2049, 19.4742], [83.2283, 19.5059], [83.2455, 19.5046], [83.2574, 19.5282], [83.2483, 19.5395], [83.2638, 19.5479], [83.2659, 19.5589], [83.253, 19.57], [83.2693, 19.5774], [83.2663, 19.6011], [83.2878, 19.5888], [83.2878, 19.5971], [83.3193, 19.5924], [83.358, 19.6071], [83.3729, 19.5974], [83.3693, 19.6198], [83.3838, 19.6679], [83.428, 19.6963], [83.4323, 19.7122], [83.4464, 19.7196], [83.4444, 19.7322], [83.4539, 19.7371], [83.4506, 19.7847], [83.4592, 19.7965], [83.4368, 19.8017], [83.4315, 19.8264], [83.439, 19.8332], [83.4219, 19.8495], [83.4305, 19.871], [83.404, 19.9207], [83.4185, 19.9344], [83.4231, 19.9285], [83.4421, 19.9336], [83.4462, 19.9733]]]}}, {"type": "Feature", "properties": {"district_name": "Sambalpur", "dtcode11": "372"}, "geometry": {"type": "Polygon", "coordinates": [[[84.4772, 22.1866], [84.496, 22.1376], [84.5006, 22.1088], [84.4949, 22.0925], [84.5141, 22.0851], [84.5102, 22.0573], [84.5277, 22.0458], [84.5083, 22.0202], [84.5, 21.9723], [84.5057, 21.9591], [84.5149, 21.9737], [84.5266, 21.973], [84.5272, 21.9584], [84.5181, 21.9575], [84.5167, 21.9491], [84.5251, 21.9259], [84.4946, 21.9207], [84.4909, 21.9116], [84.5266, 21.8903], [84.525, 21.8723], [84.5393, 21.8621], [84.5277, 21.8523], [84.5259, 21.8138], [84.5673, 21.7865], [84.5537, 21.7694], [84.5881, 21.7578], [84.6098, 21.7665], [84.6274, 21.7614], [84.6389, 21.7674], [84.6567, 21.764], [84.6461, 21.7433], [84.6311, 21.7402], [84.6381, 21.7231], [84.6292, 21.6984], [84.5667, 21.7032], [84.5558, 21.6849], [84.5417, 21.6794], [84.5009, 21.6837], [84.4847, 21.6402], [84.5006, 21.6243], [84.5234, 21.6256], [84.5313, 21.6065], [84.5695, 21.5815], [84.5425, 21.5837], [84.5324, 21.5774], [84.534, 21.5683], [84.51, 21.5816], [84.5095, 21.5722], [84.4883, 21.5781], [84.503, 21.5484], [84.4917, 21.5314], [84.4711, 21.539], [84.4672, 21.5274], [84.4593, 21.5283], [84.4581, 21.5159], [84.442, 21.5182], [84.4442, 21.4909], [84.4079, 21.4768], [84.4147, 21.4552], [84.409, 21.4424], [84.3928, 21.4356], [84.3939, 21.3941], [84.4016, 21.3803], [84.4489, 21.3939], [84.4891, 21.3916], [84.4858, 21.3702], [84.5005, 21.3646], [84.4986, 21.3753], [84.5124, 21.3732], [84.5177, 21.3818], [84.5414, 21.378], [84.5657, 21.3232], [84.5641, 21.2501], [84.6031, 21.2622], [84.6125, 21.2769], [84.6286, 21.276], [84.6329, 21.2901], [84.6428, 21.2914], [84.6483, 21.3021], [84.6664, 21.3038], [84.6582, 21.3137], [84.6956, 21.3233], [84.7591, 21.2783], [84.7516, 21.2588], [84.7684, 21.2538], [84.7541, 21.2274], [84.7427, 21.2342], [84.7215, 21.2282], [84.7176, 21.2198], [84.7216, 21.1994], [84.7391, 21.1952], [84.7433, 21.1707], [84.7318, 21.1695], [84.7227, 21.1483], [84.6908, 21.1528], [84.6803, 21.1469], [84.667, 21.0929], [84.6689, 21.0795], [84.6805, 21.0723], [84.6797, 21.0602], [84.6443, 21.0833], [84.6243, 21.0825], [84.6119, 21.0699], [84.5829, 21.061], [84.5507, 21.0693], [84.5323, 21.0872], [84.5034, 21.0883], [84.4962, 21.0799], [84.4732, 21.0774], [84.4387, 21.0329], [84.4298, 21.0402], [84.4087, 21.0304], [84.4338, 21.0148], [84.4119, 21.0008], [84.4061, 20.9771], [84.3795, 20.9656], [84.3731, 20.9536], [84.3553, 20.9587], [84.352, 20.9518], [84.3282, 20.9514], [84.3105, 20.9315], [84.3021, 20.9362], [84.2789, 20.9224], [84.2386, 20.9227], [84.1921, 20.9764], [84.1559, 20.9748], [84.1559, 20.9963], [84.1396, 21.0126], [84.1427, 21.0329], [84.0737, 21.0489], [84.0431, 21.0436], [84.0174, 21.0517], [83.9872, 21.079], [83.9922, 21.0994], [83.9823, 21.1172], [83.9842, 21.1314], [83.9481, 21.145], [83.9494, 21.1511], [83.9067, 21.175], [83.8906, 21.1765], [83.9119, 21.2456], [83.8892, 21.2803], [83.8902, 21.2948], [83.8758, 21.2936], [83.8697, 21.3105], [83.8804, 21.3506], [83.8791, 21.3881], [83.8512, 21.4031], [83.8458, 21.4141], [83.8482, 21.4206], [83.8788, 21.4257], [83.8851, 21.4386], [83.8459, 21.5266], [83.8151, 21.5364], [83.7983, 21.5643], [83.8107, 21.5948], [83.8877, 21.5759], [83.9418, 21.5818], [83.959, 21.5756], [83.9698, 21.5821], [83.9745, 21.5982], [83.9665, 21.69], [83.9727, 21.704], [83.9475, 21.7174], [83.9418, 21.7297], [83.954, 21.7337], [83.9689, 21.7614], [83.983, 21.7571], [83.9796, 21.7814], [84.0001, 21.7737], [84.0059, 21.7882], [84.0197, 21.7857], [84.0362, 21.7561], [84.0557, 21.7741], [84.0877, 21.7715], [84.1149, 21.7882], [84.1454, 21.7757], [84.1472, 21.7346], [84.1829, 21.7233], [84.1924, 21.7238], [84.195, 21.7376], [84.2109, 21.7402], [84.2088, 21.7482], [84.2384, 21.7492], [84.2513, 21.7593], [84.2499, 21.7687], [84.2661, 21.7618], [84.2866, 21.7715], [84.3143, 21.8234], [84.3278, 21.8331], [84.3275, 21.8635], [84.3721, 21.9563], [84.3623, 21.9835], [84.3787, 21.9788], [84.3742, 21.9894], [84.3811, 22.0149], [84.3909, 22.0237], [84.3566, 22.0386], [84.3369, 22.0335], [84.3144, 22.0393], [84.2966, 22.0356], [84.285, 22.0147], [84.2678, 22.0157], [84.2674, 22.1078], [84.2779, 22.1102], [84.2781, 22.1235], [84.2986, 22.1181], [84.3396, 22.1302], [84.3637, 22.1501], [84.3828, 22.1467], [84.4237, 22.175], [84.4772, 22.1866]]]}}, {"type": "Feature", "properties": {"district_name": "Sonepur", "dtcode11": "392"}, "geometry": {"type": "Polygon", "coordinates": [[[83.8986, 21.1771], [83.9494, 21.1511], [83.9481, 21.145], [83.9842, 21.1314], [83.9823, 21.1172], [83.9922, 21.0994], [83.9872, 21.079], [84.0174, 21.0517], [84.0431, 21.0436], [84.0737, 21.0489], [84.1427, 21.0329], [84.1396, 21.0126], [84.1559, 20.9963], [84.1559, 20.9748], [84.1921, 20.9764], [84.2381, 20.9228], [84.2789, 20.9224], [84.2618, 20.8998], [84.2664, 20.8814], [84.2356, 20.895], [84.2021, 20.8932], [84.1074, 20.8382], [84.0381, 20.8204], [84.0127, 20.8405], [83.9366, 20.8423], [83.8974, 20.8178], [83.8647, 20.8161], [83.8368, 20.8256], [83.7861, 20.8026], [83.7622, 20.7804], [83.7577, 20.7172], [83.7431, 20.7038], [83.7357, 20.6731], [83.7156, 20.6404], [83.7321, 20.6228], [83.7312, 20.6104], [83.684, 20.5588], [83.6453, 20.537], [83.6013, 20.5277], [83.5954, 20.5531], [83.605, 20.5704], [83.596, 20.5793], [83.5949, 20.6064], [83.6211, 20.6326], [83.6281, 20.6611], [83.6415, 20.6714], [83.6367, 20.6799], [83.6657, 20.7067], [83.6772, 20.7446], [83.6534, 20.7458], [83.6559, 20.7704], [83.6353, 20.7711], [83.6345, 20.7967], [83.5932, 20.7995], [83.5937, 20.8208], [83.6209, 20.8159], [83.6252, 20.8272], [83.5697, 20.8454], [83.5765, 20.8731], [83.6196, 20.903], [83.6091, 20.9305], [83.6391, 20.9813], [83.5681, 20.9744], [83.5296, 20.9847], [83.5064, 20.9806], [83.4903, 20.9953], [83.4695, 20.995], [83.4463, 21.0162], [83.4576, 21.06], [83.4939, 21.0407], [83.4919, 21.0621], [83.5125, 21.0618], [83.5482, 21.0769], [83.5948, 21.1079], [83.6043, 21.1284], [83.6483, 21.1307], [83.678, 21.1253], [83.6853, 21.1162], [83.7141, 21.1195], [83.7619, 21.1429], [83.7681, 21.155], [83.7841, 21.1516], [83.7856, 21.1333], [83.7996, 21.1138], [83.8398, 21.0937], [83.8728, 21.1592], [83.8844, 21.1755], [83.8986, 21.1771]]]}}, {"type": "Feature", "properties": {"district_name": "Sundargarh", "dtcode11": "374"}, "geometry": {"type": "Polygon", "coordinates": [[[83.998, 22.531], [84.0255, 22.5258], [84.0366, 22.516], [84.0597, 22.5164], [84.0755, 22.5062], [84.0702, 22.5014], [84.1135, 22.4757], [84.1407, 22.4739], [84.1409, 22.4256], [84.1561, 22.4077], [84.199, 22.3758], [84.2515, 22.3781], [84.2688, 22.3546], [84.2953, 22.341], [84.3656, 22.3482], [84.3703, 22.3557], [84.4003, 22.3465], [84.4286, 22.3534], [84.435, 22.3742], [84.4846, 22.3888], [84.4767, 22.4053], [84.4824, 22.4133], [84.5362, 22.4274], [84.5493, 22.421], [84.5979, 22.4348], [84.6026, 22.4288], [84.6286, 22.4346], [84.6681, 22.4181], [84.7497, 22.419], [84.7593, 22.4475], [84.8125, 22.4529], [84.8176, 22.4376], [84.8386, 22.4309], [84.8824, 22.4485], [84.8856, 22.4211], [84.9102, 22.4233], [84.9262, 22.4349], [84.9239, 22.4436], [84.9402, 22.4452], [84.9567, 22.4582], [84.9594, 22.4431], [85.0372, 22.4728], [85.0359, 22.4824], [85.0597, 22.4864], [85.076, 22.4803], [85.0771, 22.4638], [85.0603, 22.4496], [85.0865, 22.3994], [85.0767, 22.3562], [85.0833, 22.3453], [85.0957, 22.3447], [85.0907, 22.3186], [85.1181, 22.3176], [85.116, 22.2941], [85.0996, 22.2936], [85.0706, 22.2737], [85.0782, 22.2574], [85.0492, 22.1954], [85.0527, 22.1825], [85.0291, 22.1635], [85.0317, 22.1331], [85.0236, 22.1186], [84.9834, 22.0955], [84.9846, 22.0866], [84.9937, 22.0814], [85.0117, 22.0913], [85.0239, 22.1102], [85.0553, 22.1157], [85.0954, 22.1081], [85.1211, 22.0698], [85.1559, 22.0783], [85.1706, 22.0514], [85.1676, 22.0695], [85.1806, 22.0732], [85.1857, 22.0592], [85.2136, 22.0496], [85.2214, 22.018], [85.2392, 22.0102], [85.2314, 21.9968], [85.2649, 21.9749], [85.2719, 21.9606], [85.2986, 21.9525], [85.3139, 21.9586], [85.3759, 21.9365], [85.3638, 21.8592], [85.3406, 21.8248], [85.3094, 21.8197], [85.2907, 21.8374], [85.2429, 21.8044], [85.2263, 21.8202], [85.2, 21.7622], [85.2068, 21.7469], [85.2143, 21.7472], [85.2128, 21.7393], [85.1842, 21.7091], [85.193, 21.6897], [85.1863, 21.6788], [85.1912, 21.6613], [85.1804, 21.6545], [85.1803, 21.6451], [85.1943, 21.6395], [85.1769, 21.6201], [85.166, 21.6228], [85.1439, 21.5954], [85.1052, 21.5944], [85.0773, 21.6038], [85.0651, 21.5918], [85.0493, 21.5905], [85.038, 21.6008], [85.0394, 21.6183], [85.0294, 21.6278], [85.0261, 21.6725], [84.9979, 21.682], [84.9825, 21.6818], [84.9753, 21.6728], [84.9564, 21.6844], [84.9536, 21.6651], [84.9413, 21.6594], [84.9144, 21.6705], [84.9034, 21.6683], [84.9009, 21.6588], [84.8628, 21.6521], [84.8553, 21.6605], [84.7899, 21.6686], [84.7818, 21.6493], [84.7934, 21.6367], [84.7789, 21.6257], [84.7571, 21.6246], [84.7492, 21.6636], [84.741, 21.6698], [84.7468, 21.6825], [84.7298, 21.6934], [84.718, 21.7171], [84.7031, 21.7074], [84.6913, 21.7097], [84.675, 21.7365], [84.6785, 21.7492], [84.6637, 21.7633], [84.6098, 21.7665], [84.5881, 21.7578], [84.5537, 21.7694], [84.5673, 21.7865], [84.5259, 21.8138], [84.5277, 21.8523], [84.5393, 21.8621], [84.525, 21.8723], [84.5266, 21.8903], [84.4909, 21.9116], [84.4946, 21.9207], [84.5251, 21.9259], [84.5167, 21.9491], [84.5181, 21.9575], [84.5272, 21.9584], [84.5266, 21.973], [84.5149, 21.9737], [84.5057, 21.9591], [84.5, 21.9723], [84.5083, 22.0202], [84.5277, 22.0458], [84.5102, 22.0573], [84.5141, 22.0851], [84.4949, 22.0925], [84.5006, 22.1088], [84.496, 22.1376], [84.4764, 22.19], [84.418, 22.1726], [84.3828, 22.1467], [84.3637, 22.1501], [84.3402, 22.1304], [84.2986, 22.1181], [84.2776, 22.1233], [84.2779, 22.1102], [84.2667, 22.1043], [84.268, 22.0089], [84.2311, 21.975], [84.2035, 21.978], [84.2009, 21.9857], [84.167, 22.0019], [84.1361, 21.999], [84.1174, 22.013], [84.106, 21.9921], [84.0888, 21.9994], [84.0864, 21.9902], [84.0702, 21.9897], [84.0841, 21.9799], [84.0876, 21.9636], [84.0785, 21.9539], [84.0786, 21.9375], [84.0613, 21.9344], [84.0271, 21.9539], [84.0043, 21.9226], [83.9761, 21.9054], [83.9589, 21.9426], [83.8963, 21.946], [83.877, 21.9231], [83.8517, 21.9236], [83.8644, 21.9112], [83.8376, 21.8935], [83.8309, 21.8961], [83.8291, 21.8774], [83.8163, 21.8848], [83.8128, 21.8546], [83.7968, 21.8688], [83.7383, 21.8168], [83.7192, 21.786], [83.6888, 21.7904], [83.6868, 21.8017], [83.6364, 21.8191], [83.6233, 21.8487], [83.609, 21.8458], [83.6075, 21.8329], [83.5806, 21.8295], [83.5779, 21.8375], [83.5909, 21.8511], [83.5742, 21.8751], [83.5777, 21.889], [83.6059, 21.9143], [83.5909, 21.9295], [83.5567, 21.9353], [83.5617, 21.948], [83.539, 21.966], [83.5433, 21.9939], [83.5562, 22.0078], [83.5393, 22.0226], [83.5367, 22.0435], [83.5478, 22.0592], [83.5867, 22.0487], [83.6065, 22.0668], [83.5626, 22.0963], [83.5643, 22.106], [83.6077, 22.1537], [83.6276, 22.2043], [83.6495, 22.2233], [83.6553, 22.22], [83.6658, 22.2327], [83.7025, 22.2465], [83.7578, 22.2403], [83.7597, 22.2512], [83.7756, 22.2573], [83.7766, 22.2699], [83.7922, 22.2765], [83.7948, 22.2859], [83.8264, 22.2928], [83.8228, 22.3131], [83.8306, 22.3234], [83.8528, 22.327], [83.8643, 22.3433], [83.8903, 22.3365], [83.9232, 22.3584], [83.9433, 22.3547], [84.0103, 22.3716], [84.0064, 22.3822], [84.0134, 22.3974], [84.0303, 22.4266], [84.0472, 22.4382], [84.0472, 22.4692], [83.9802, 22.5022], [83.9748, 22.5122], [83.998, 22.531]]]}}, {"type": "Feature", "properties": {"district_name": "Boudh", "dtcode11": "391"}, "geometry": {"type": "Polygon", "coordinates": [[[84.235, 20.8951], [84.3443, 20.8388], [84.3555, 20.818], [84.3491, 20.7812], [84.3777, 20.7538], [84.42, 20.7377], [84.4628, 20.7352], [84.5156, 20.7024], [84.5601, 20.69], [84.6123, 20.6392], [84.639, 20.6238], [84.7618, 20.6081], [84.7901, 20.5813], [84.7866, 20.5508], [84.766, 20.5318], [84.7398, 20.5409], [84.7125, 20.5238], [84.7112, 20.5066], [84.6967, 20.4977], [84.6922, 20.4694], [84.6805, 20.4601], [84.6912, 20.4504], [84.6807, 20.4328], [84.646, 20.4236], [84.6181, 20.4342], [84.604, 20.4201], [84.591, 20.424], [84.5636, 20.4113], [84.5423, 20.4187], [84.5396, 20.4101], [84.5171, 20.4048], [84.5091, 20.3949], [84.4929, 20.3951], [84.4816, 20.3843], [84.4609, 20.4], [84.4649, 20.4453], [84.4551, 20.4663], [84.4249, 20.4858], [84.4345, 20.4962], [84.4335, 20.5089], [84.388, 20.5305], [84.3812, 20.5587], [84.394, 20.5761], [84.3796, 20.5884], [84.3842, 20.5982], [84.3689, 20.6508], [84.3567, 20.6712], [84.3373, 20.6728], [84.339, 20.6797], [84.3145, 20.6897], [84.2766, 20.6725], [84.2804, 20.6355], [84.2718, 20.6361], [84.2566, 20.6018], [84.2252, 20.5819], [84.1856, 20.5844], [84.1758, 20.5993], [84.1447, 20.578], [84.1116, 20.5829], [84.1046, 20.592], [84.0817, 20.5845], [84.0602, 20.5899], [84.0037, 20.5688], [83.9795, 20.586], [83.938, 20.5842], [83.9295, 20.5962], [83.9406, 20.6047], [83.9215, 20.6105], [83.9128, 20.6022], [83.9124, 20.5795], [83.8736, 20.5825], [83.8559, 20.5719], [83.857, 20.5631], [83.8412, 20.5452], [83.8196, 20.5445], [83.8246, 20.5356], [83.8192, 20.5221], [83.7963, 20.5089], [83.8065, 20.4944], [83.8113, 20.4625], [83.8282, 20.4522], [83.8131, 20.455], [83.8075, 20.4462], [83.8145, 20.4363], [83.8061, 20.4314], [83.7857, 20.4421], [83.7801, 20.4073], [83.7547, 20.4261], [83.738, 20.4222], [83.7192, 20.4352], [83.692, 20.4142], [83.6773, 20.4299], [83.6611, 20.4226], [83.6564, 20.4326], [83.6185, 20.4468], [83.6176, 20.4583], [83.5974, 20.4686], [83.5827, 20.4882], [83.5695, 20.4843], [83.5824, 20.5241], [83.6453, 20.537], [83.684, 20.5588], [83.7312, 20.6104], [83.7321, 20.6228], [83.7156, 20.6404], [83.7357, 20.6731], [83.7431, 20.7038], [83.7577, 20.7172], [83.7622, 20.7804], [83.7861, 20.8026], [83.8368, 20.8256], [83.8647, 20.8161], [83.8974, 20.8178], [83.9366, 20.8423], [84.0099, 20.8411], [84.041, 20.8209], [84.1074, 20.8382], [84.1941, 20.8904], [84.235, 20.8951]]]}}]}